court_province,n_both,n_mismatch,mismatch_rate,top_other_province
贵州省,19369,37.0,0.0019,广西壮族自治区
浙江省,49908,3.0,0.0001,甘肃省
重庆市,19568,1.0,0.0001,湖南省
河南省,38807,1.0,0.0,陕西省
天津市,7700,0.0,0.0,
西藏自治区,877,0.0,0.0,
青海省,2544,0.0,0.0,
海南省,2082,0.0,0.0,
广东省,53146,0.0,0.0,
江西省,20038,0.0,0.0,
福建省,22596,0.0,0.0,
山东省,25555,0.0,0.0,
宁夏回族自治区,2195,0.0,0.0,
江苏省,52983,0.0,0.0,
黑龙江省,10308,0.0,0.0,
陕西省,11377,0.0,0.0,
湖南省,31310,0.0,0.0,
四川省,36712,0.0,0.0,
广西壮族自治区,28811,0.0,0.0,
北京市,10316,0.0,0.0,
新疆维吾尔自治区,2611,0.0,0.0,
吉林省,12860,0.0,0.0,
山西省,9886,0.0,0.0,
云南省,21742,0.0,0.0,
辽宁省,14603,0.0,0.0,
湖北省,23441,0.0,0.0,
河北省,16149,0.0,0.0,
上海市,18202,0.0,0.0,
甘肃省,9399,0.0,0.0,
内蒙古自治区,6943,0.0,0.0,
安徽省,20323,0.0,0.0,
