judgment_year,n,n_in_text_dup_group,share_in_text_dup_group
1997,4,0.0,0.0
1998,3,0.0,0.0
1999,1,0.0,0.0
2000,4,0.0,0.0
2001,110,0.0,0.0
2002,213,0.0,0.0
2003,296,0.0,0.0
2004,367,0.0,0.0
2005,453,0.0,0.0
2006,311,0.0,0.0
2007,1008,38.0,0.0377
2008,1434,65.0,0.0453
2009,1422,66.0,0.0464
2010,3066,108.0,0.0352
2011,4665,54.0,0.0116
2012,10829,269.0,0.0248
2013,24789,1292.0,0.0521
2014,178563,7468.0,0.0418
2015,169129,5374.0,0.0318
2016,179533,5628.0,0.0313
2017,185012,7228.0,0.0391
2018,149880,1244.0,0.0083
2019,119128,623.0,0.0052
2020,2,0.0,0.0
,632,18.0,0.0285
