incident_year,1997,1998,1999,2000,2001,2002,2003,2004,2005,2006,2007,2008,2009,2010,2011,2012,2013,2014,2015,2016,2017,2018,2019,2020,
1962,0,0,0,0,0,0,0,0,0,0,0,0,0,0,0,0,0,0,0,0,0,0,1,0,0
1979,0,0,0,0,0,0,0,0,0,0,0,0,0,0,0,0,0,0,1,0,0,0,0,0,0
1981,0,0,0,0,0,0,0,0,0,0,0,0,0,0,0,0,0,0,0,1,0,0,0,0,0
1982,0,0,0,0,0,0,0,0,0,0,0,0,0,0,0,0,0,0,0,1,0,1,0,0,0
1983,0,0,0,0,0,0,0,0,0,0,0,0,0,0,0,0,0,1,1,0,1,0,0,0,0
1984,0,0,0,0,0,0,0,0,0,0,0,0,0,0,0,0,0,0,1,1,0,0,0,0,0
1985,0,0,0,0,0,0,0,0,0,0,0,0,0,0,0,0,0,0,1,0,1,1,0,0,0
1987,0,0,0,0,0,0,0,0,0,0,0,0,0,0,0,1,0,0,1,1,0,0,2,0,0
1988,0,0,0,0,0,0,0,0,0,0,0,0,0,0,0,2,0,1,1,0,0,4,1,0,0
1989,0,0,0,0,0,0,0,0,0,0,0,0,0,2,0,1,0,3,2,4,1,3,3,0,0
1990,0,0,0,0,0,0,0,0,0,0,0,0,0,0,0,2,0,2,2,5,3,3,3,0,0
1991,0,0,0,0,0,0,0,0,0,0,0,0,0,0,1,4,1,5,2,7,0,9,2,0,0
1992,0,0,0,0,0,0,0,0,0,0,0,0,0,0,1,4,1,4,9,12,7,7,5,0,1
1993,0,0,0,0,0,0,0,0,0,0,0,0,0,0,0,2,2,18,17,14,11,8,7,0,1
1994,0,0,0,0,1,0,0,0,0,0,0,1,0,2,3,3,5,7,14,16,15,17,5,0,1
1995,0,0,0,0,0,0,0,0,0,0,0,0,0,1,0,9,2,16,9,18,21,21,13,0,0
1996,0,0,0,0,0,0,0,0,0,0,0,0,1,0,1,7,4,10,14,12,12,13,6,0,1
1997,1,0,0,0,0,0,0,1,1,0,0,0,0,2,0,7,3,14,23,21,14,19,9,0,0
1998,0,0,0,0,0,1,1,0,0,0,0,0,0,0,3,9,6,19,30,30,16,22,15,0,1
1999,0,0,1,0,1,1,1,0,1,0,1,0,1,1,1,12,5,25,27,29,22,32,16,0,2
2000,0,0,0,1,11,2,0,1,1,0,1,0,0,2,7,15,5,47,39,29,34,40,17,0,2
2001,0,0,0,0,39,35,5,2,1,0,0,0,1,3,3,15,8,42,38,22,28,26,14,0,5
2002,0,0,0,0,0,63,38,5,0,0,1,1,0,1,3,20,8,52,34,44,34,32,25,0,5
2003,0,0,0,0,0,0,119,62,2,0,1,2,3,1,5,12,21,56,35,35,39,31,22,0,9
2004,0,0,0,0,0,0,0,137,87,5,1,3,1,8,9,23,9,80,55,59,46,33,21,0,7
2005,0,0,0,0,0,0,0,0,167,57,7,15,4,11,11,35,25,93,86,65,41,41,23,0,8
2006,0,0,0,0,0,0,0,0,0,117,147,28,14,22,20,40,30,122,99,71,72,46,36,0,7
2007,0,0,0,0,0,0,0,0,0,0,357,282,19,34,41,46,49,181,106,69,78,61,31,0,42
2008,0,0,0,0,0,0,0,0,0,0,0,472,325,91,58,102,76,244,156,118,88,69,45,0,44
2009,0,0,0,0,0,0,0,0,0,0,0,0,482,585,120,144,103,371,169,122,90,72,53,0,23
2010,0,0,0,0,0,0,0,0,0,0,0,0,0,1008,1002,257,174,619,280,182,135,104,67,0,4
2011,0,0,0,0,0,0,0,0,0,0,0,0,0,0,1580,2247,590,1971,657,445,283,172,95,0,10
2012,0,0,0,0,0,0,0,0,0,0,0,0,0,0,0,3656,4212,7252,1476,713,435,310,150,0,11
2013,0,0,0,0,0,0,0,0,0,0,0,0,0,0,0,0,9875,45498,5289,1564,821,434,216,0,30
2014,0,0,0,0,0,0,0,0,0,0,0,0,0,0,0,0,0,48458,41455,6047,1746,728,322,0,24
2015,0,0,0,0,0,0,0,0,0,0,0,0,0,0,0,0,0,2,48805,46326,6883,1763,605,0,49
2016,0,0,0,0,0,0,0,0,0,0,0,0,0,0,0,0,0,0,1,48704,48588,7002,1285,1,25
2017,0,0,0,0,0,0,0,0,0,0,0,0,0,0,0,0,0,0,0,1,46625,40167,4679,0,27
2018,0,0,0,0,0,0,0,0,0,0,0,0,0,0,0,0,0,0,0,0,0,32754,33232,0,8
2019,0,0,0,0,0,0,0,0,0,0,0,0,0,0,0,0,0,1,1,0,0,0,25163,0,1
2021,0,0,0,0,0,0,0,0,0,0,0,0,0,0,0,0,0,0,0,1,0,0,0,0,0
,3,3,0,3,58,111,132,159,193,132,492,630,571,1292,1796,4154,9575,73349,70193,74744,78822,65835,52939,1,284
