judgment_year,n,nonmiss_d1_hukou_raw,nonmiss_d1_birthplace_raw,nonmiss_d1_native_raw,nonmiss_d1_residence_raw,nonmiss_d1_migrant_v0,nonmiss_d1_pretrial_status_at_judgment,nonmiss_d1_detained_date,nonmiss_d1_arrested_date,nonmiss_d1_bail_date,nonmiss_d1_gender,nonmiss_d1_birth_date,nonmiss_d1_education,nonmiss_d1_occupation_raw,nonmiss_d1_term_months,nonmiss_d1_penalty_type,nonmiss_amt_yuan,nonmiss_procedure,rate_counsel,rate_plea_leniency,rate_duty_lawyer,rate_d1_probation,rate_d1_detained,rate_d1_arrested,rate_d1_bail,rate_d1_rsl,rate_d1_prior_record,rate_d1_recidivist,rate_has_header,rate_has_charge,rate_has_facts,rate_has_reasoning,rate_has_verdict,rate_has_fffd
all,727127,0.22580787125220217,0.3140730573888743,0.1021114605839145,0.4004156082775086,0.44293637837681726,0.9138142305264417,0.8034937500601683,0.7458311959258836,0.22070834943551815,0.7388984317732665,0.6256926231593656,0.5508941354123833,0.6356193622297068,0.9419950022485756,0.9979879718398574,0.8704531670533483,0.9666083091399439,0.16102001438538247,0.05817690719777976,0.001181361715353714,0.11591685492313626,0.8102967158165877,0.7510773904859402,0.2220924216655934,0.035430048049138914,0.44122924337741964,0.29136463957641906,0.9981928878999129,0.7536853947109652,0.5642109287648512,0.9929585890772864,0.9998239647269321,0.09129766877037987
2002,169,0.0,0.005917159763313609,0.011834319526627219,0.01775147928994083,0.005917159763313609,0.9704142011834319,0.8994082840236687,0.893491124260355,0.07692307692307693,0.023668639053254437,0.01775147928994083,0.01775147928994083,0.9171597633136095,0.9585798816568047,0.9940828402366864,0.9644970414201184,0.9940828402366864,0.16568047337278108,0.0,0.0,0.08928571428571429,0.9112426035502958,0.9053254437869822,0.07692307692307693,0.011834319526627219,0.20118343195266272,0.14792899408284024,1.0,0.3905325443786982,0.8757396449704142,1.0,1.0,0.10650887573964497
2003,227,0.0,0.022026431718061675,0.030837004405286344,0.05286343612334802,0.022026431718061675,0.9647577092511013,0.8942731277533039,0.8898678414096917,0.07929515418502203,0.05726872246696035,0.05286343612334802,0.05286343612334802,0.9118942731277533,0.9427312775330396,0.9955947136563876,0.9515418502202643,1.0,0.13656387665198239,0.0,0.0,0.11946902654867257,0.9030837004405287,0.8942731277533039,0.08370044052863436,0.004405286343612335,0.2290748898678414,0.19383259911894274,1.0,0.6211453744493393,0.5154185022026432,1.0,1.0,0.1145374449339207
2004,303,0.0,0.0594059405940594,0.006600660066006601,0.066006600660066,0.036303630363036306,0.976897689768977,0.9570957095709571,0.9240924092409241,0.0462046204620462,0.07260726072607261,0.06930693069306931,0.06930693069306931,0.9438943894389439,0.9636963696369637,0.9966996699669967,0.9108910891089109,0.9966996699669967,0.16831683168316833,0.0,0.0,0.08940397350993377,0.9570957095709571,0.9240924092409241,0.0462046204620462,0.0033003300330033004,0.15841584158415842,0.11221122112211221,1.0,0.6897689768976898,0.2739273927392739,1.0,1.0,0.1188118811881188
2005,374,0.0,0.0374331550802139,0.03208556149732621,0.06951871657754011,0.029411764705882353,0.9732620320855615,0.9491978609625669,0.9385026737967914,0.0213903743315508,0.08021390374331551,0.06951871657754011,0.06951871657754011,0.9572192513368984,0.9705882352941176,0.9973262032085561,0.8903743315508021,0.9919786096256684,0.16844919786096257,0.0,0.0,0.07219251336898395,0.9572192513368984,0.946524064171123,0.0213903743315508,0.00267379679144385,0.15775401069518716,0.10160427807486631,1.0,0.5481283422459893,0.3048128342245989,0.9973262032085561,1.0,0.12566844919786097
2006,245,0.0,0.363265306122449,0.00816326530612245,0.3306122448979592,0.35918367346938773,0.9959183673469387,0.9714285714285714,0.963265306122449,0.02857142857142857,0.37551020408163266,0.35918367346938773,0.3673469387755102,0.9306122448979591,0.9673469387755103,1.0,0.8612244897959184,0.9918367346938776,0.1510204081632653,0.0,0.0,0.06938775510204082,0.9714285714285714,0.963265306122449,0.02857142857142857,0.004081632653061225,0.19591836734693877,0.12244897959183673,1.0,0.46938775510204084,0.2979591836734694,0.9959183673469387,1.0,0.07755102040816327
2007,700,0.0014285714285714286,0.01,0.0,0.011428571428571429,0.005714285714285714,0.9771428571428571,0.9185714285714286,0.9014285714285715,0.07142857142857142,0.02,0.018571428571428572,0.012857142857142857,0.22142857142857142,0.97,0.9985714285714286,0.86,1.0,0.15142857142857144,0.0,0.0,0.06866952789699571,0.9257142857142857,0.9085714285714286,0.07142857142857142,0.01,0.28285714285714286,0.17,0.9985714285714286,0.6985714285714286,0.3028571428571429,1.0,1.0,0.07571428571428572
2008,930,0.007526881720430108,0.012903225806451613,0.001075268817204301,0.03978494623655914,0.015053763440860216,0.9763440860215054,0.921505376344086,0.8731182795698925,0.1064516129032258,0.07634408602150537,0.04516129032258064,0.034408602150537634,0.19462365591397848,0.9612903225806452,0.9989247311827957,0.9193548387096774,0.9924731182795699,0.13440860215053763,0.0,0.0,0.09903121636167922,0.9311827956989247,0.8827956989247312,0.1064516129032258,0.016129032258064516,0.27741935483870966,0.19032258064516128,0.9989247311827957,0.6838709677419355,0.36666666666666664,0.9989247311827957,1.0,0.1053763440860215
2009,871,0.013777267508610792,0.045924225028702644,0.003444316877152698,0.03329506314580941,0.04936854190585534,0.9735935706084959,0.9070034443168772,0.8760045924225028,0.1010332950631458,0.12399540757749714,0.07003444316877153,0.0642939150401837,0.20436280137772675,0.9712973593570609,0.9965556831228473,0.9265212399540758,0.9977037887485649,0.1515499425947187,0.0,0.0,0.1,0.9138920780711826,0.8840413318025259,0.10332950631458095,0.016073478760045924,0.31802525832376577,0.2227324913892078,1.0,0.695752009184845,0.45464982778415614,1.0,1.0,0.1148105625717566
2010,1936,0.009297520661157025,0.1740702479338843,0.012913223140495868,0.15857438016528927,0.17923553719008264,0.9710743801652892,0.8941115702479339,0.871900826446281,0.10278925619834711,0.2334710743801653,0.21745867768595042,0.18698347107438015,0.3755165289256198,0.9741735537190083,0.9984504132231405,0.940599173553719,0.9865702479338843,0.1503099173553719,0.0,0.0,0.10496380558428128,0.9003099173553719,0.8770661157024794,0.10382231404958678,0.016012396694214875,0.3052685950413223,0.20867768595041322,0.9994834710743802,0.7396694214876033,0.41270661157024796,0.9984504132231405,1.0,0.11931818181818182
2011,3171,0.04005045726900031,0.2686849574266793,0.04320403658152003,0.28666035950804164,0.28981393882056133,0.9662567013560391,0.8965625985493535,0.8716493219804478,0.1173131504257332,0.4377168085777357,0.38568274992116053,0.3122043519394513,0.5666982024597919,0.9656259854935352,0.9984232103437402,0.901292967518133,0.9933774834437086,0.1639861242510249,0.0,0.0,0.10886715052066898,0.9031851151056449,0.8773257647429833,0.11825922421948912,0.012929675181330811,0.293598233995585,0.18322295805739514,0.9987385682749921,0.7379375591296121,0.41154210028382215,0.9996846420687481,0.9996846420687481,0.0608640807316304
2012,7716,0.05780196993260757,0.18131156039398652,0.027734577501296008,0.2576464489372732,0.2087869362363919,0.9388284085018144,0.8306117159149818,0.8065059616381545,0.1655002592016589,0.4024105754276827,0.30909797822706064,0.2931570762052877,0.5063504406428201,0.9655261793675479,0.9992223950233281,0.8885432866770347,0.9913167444271643,0.16018662519440124,0.0,0.0,0.14044870963558553,0.8348243225722806,0.8100609360819396,0.16634253857124334,0.019447685725398678,0.32879553999740696,0.19123557629975366,0.9977967858994298,0.7480559875583204,0.4191290824261275,0.9989631933644375,1.0,0.0613011923276309
2013,16770,0.07614788312462731,0.23750745378652355,0.05736434108527132,0.20644007155635063,0.26213476446034584,0.8845557543231962,0.7684555754323196,0.74448419797257,0.1763267740011926,0.5320214669051878,0.3798449612403101,0.35557543231961836,0.49123434704830055,0.9457364341085271,0.9988073941562313,0.8660107334525939,0.9891472868217054,0.1430530709600477,0.0,0.0,0.11623186675422363,0.7736546951437776,0.7495525593604582,0.1775444457701945,0.026190192101181245,0.3337907170981983,0.21393628445292925,0.9930828861061419,0.7726296958855099,0.48312462731067385,0.9983899821109123,1.0,0.10238521168753727
2014,120165,0.08161278242416677,0.23693255107560438,0.08874464278284026,0.1824241667706903,0.2722007240044938,0.901643573419881,0.7862772021803354,0.7448092206549328,0.19682935963050804,0.6212957183872175,0.4616236008821204,0.4091707235883993,0.5121374776349187,0.9441434693962468,0.9979944243332085,0.8773519743685766,0.9832397120625807,0.1463238047684434,0.0,0.0,0.11674724908302768,0.7926091191382023,0.7497606580031801,0.1983749719033308,0.030960448214716826,0.3856028504591204,0.25096361169154435,0.9975283984521284,0.7648400116506471,0.5315274830441477,0.9980526775683435,0.9999750343277993,0.10549660882952606
2015,116595,0.10740597795788842,0.19421072944808954,0.08176165358720357,0.23363780608087825,0.2554483468416313,0.9053132638620867,0.7926326171791244,0.7457352373600926,0.21019769286847634,0.5446116900381663,0.3921437454436297,0.33690123933273297,0.6102920365367297,0.9438483639950255,0.9980530897551353,0.8771388138427891,0.9779921952056263,0.13789613619795016,0.0,0.0,0.1104486843574699,0.7991864825668706,0.7510190421432923,0.2114887883910719,0.0339737923814264,0.41951068814306924,0.27420171456522296,0.9980102062695656,0.7609502980402247,0.5651357262318282,0.9981217033320469,0.9998284660577211,0.11529653930271452
2016,126949,0.17257323807198166,0.2370400712096984,0.09474670930846245,0.3071233329919889,0.3463674388927837,0.9174156551055935,0.8051264681092407,0.7493717949727844,0.22271148256386422,0.6393276039984561,0.4885899061827978,0.4240758099709332,0.6374764669276639,0.9425281018361704,0.9978101442311479,0.8725629977392496,0.9716106467951697,0.12802779068759895,0.0008192266185633601,0.0,0.11172739179145692,0.8116339560179712,0.7546543706155907,0.22403247418617483,0.03740837077323244,0.44781272168361314,0.3012926617797746,0.9991886505604612,0.7518452291865237,0.576971854839345,0.9953524643754579,0.9998503335985317,0.11180867907584936
2017,135633,0.3135372660045859,0.42786047643272657,0.12471891058960577,0.5871727381979311,0.6041818731429667,0.9271195063148349,0.8143003546334594,0.7481438882867739,0.24390819343375136,0.9225852115635576,0.8374805541424285,0.7409774907286575,0.6917859223050438,0.9327007439192527,0.9977955217388099,0.8761142199907103,0.9578052538836419,0.13178946126680086,0.043027876696674114,0.0001253382288970973,0.11192436943757154,0.820662279018977,0.7529144408700529,0.2454475695776643,0.040558687247292155,0.4714901277926984,0.30941032376117816,0.9978176402497917,0.7467577949319119,0.589686875612867,0.9946989302013521,0.9996018668023269,0.11040823398435484
2018,108399,0.3718299984317199,0.43180287641029896,0.1257022666260759,0.5998302567366858,0.647847304864436,0.9184217566582717,0.8100997241671971,0.7380972149189569,0.23735458814195703,0.9244734730025185,0.8591315418038912,0.7671934242935821,0.7089641048349155,0.9413924482698179,0.9983486932536279,0.8613824850782756,0.945386950064115,0.19937453297539645,0.11237188534949584,0.001448352844583437,0.11974211663864925,0.8180568116798022,0.7438860074936784,0.23871795345059893,0.039046494029051845,0.48804887502537886,0.3251905719928386,0.998127288997131,0.7469902858882462,0.5736676537606435,0.9854518953126874,0.9998708475170435,0.07428112805468685
2019,85580,0.4113461089039495,0.41492171068006545,0.11773778920308484,0.600105164758121,0.6534587520448703,0.9076653423697125,0.8080158915634494,0.7284295396120589,0.2347277401261977,0.9141037625613461,0.8673288151437252,0.7557373218041599,0.7152138350081795,0.9458050946482823,0.9977448001869595,0.8456882449170366,0.9517176910493106,0.26365973358261274,0.28253096517878007,0.008004206590324843,0.129204472282386,0.8160586330640919,0.734164046336018,0.2360284749091164,0.03373505242609499,0.48084723374907945,0.3212427965259676,0.999520916101893,0.7529446132273896,0.5822037859312924,0.979679831736387,0.9998013554568824,0.0
