year,pilot_city,migrant,n,plea,probation,bail
2014,False,False,17400,0.0,0.12609295904279796,0.17864440422674996
2014,False,True,6636,0.0,0.06153846153846154,0.09181790218394341
2014,True,False,4804,0.0,0.1109723089735582,0.17872968980797638
2014,True,True,3854,0.0,0.053864168618266976,0.07586763518966909
2015,False,False,16044,0.0,0.11386879521077575,0.17780316009899105
2015,False,True,5908,0.0,0.054511596411037755,0.0821753302453251
2015,True,False,3860,0.0,0.11787564766839378,0.1689080150618612
2015,True,True,3952,0.0,0.0675469781615033,0.08091468777484609
2016,False,False,22487,0.0008449326277404723,0.11036938139741878,0.17578337257743162
2016,False,True,9417,0.0040352553891897635,0.06887755102040816,0.1065440778799351
2016,True,False,5242,0.0,0.12080152671755726,0.18123842830693274
2016,True,True,6803,0.00014699397324709687,0.07313829787234043,0.08622645790787384
2017,False,False,43526,0.0046638790607912515,0.12051682913371345,0.19878706199460916
2017,False,True,18998,0.004263606695441626,0.08048459309981565,0.14755147764856502
2017,True,False,9186,0.20738079686479424,0.12054884024828487,0.21039319383766383
2017,True,True,10210,0.15905974534769834,0.09408522783190632,0.11955937667920473
2018,False,False,37246,0.016619234280191162,0.12664517861939295,0.19788388497015735
2018,False,True,16526,0.009984267215297108,0.09129987285826724,0.14401808627642673
2018,True,False,7493,0.503403176297878,0.14812341391745693,0.22453371592539456
2018,True,True,8947,0.3569911702246563,0.11000224265530388,0.13765117759388923
2019,False,False,31464,0.17775870836511568,0.12653918355658786,0.18737976144671029
2019,False,True,10139,0.19518690206134728,0.09596208905123901,0.14046622833233713
2019,True,False,6898,0.581037982023775,0.16470929389589678,0.23208028034405861
2019,True,True,7417,0.4710799514628556,0.12440774333288208,0.1397164577768646
