variable,mean_capital_or_subprov,n_capital_or_subprov,mean_other,n_other,mean_pilot,n_pilot
d1_migrant_v0,0.19485382942739793,8278,0.28978326532775156,37742,0.4739877375098646,16473
d1_probation,0.09002318504564556,27604,0.12419162638745698,149374,0.098098974557578,59389
d1_term_months,12.261342122358517,26169,13.675234554623286,140398,11.00028371447641,56934
log_fine,7.794741442715392,27338,8.123136132736468,148373,7.704252901721013,58929
log_amt,8.123233012804235,24334,8.44939589317626,132107,8.07229266958525,51256
d1_prior_record,0.36887441187115455,27630,0.4082391742094313,149481,0.40289884281419525,59541
d1_recidivist,0.2666304741223308,27630,0.2555910115666874,149481,0.2775566416418938,59541
d1_age_at_judgment,32.540077697613576,12613,33.248349351615815,63157,33.080900027584036,25377
d1_male,0.9234511839117743,15415,0.9390381267706591,87891,0.921752603942498,34851
d1_bail_at_judgment,0.14142175332830947,23886,0.18429349179802867,140515,0.14296969696969697,49500
n_defendants,1.251257008500633,27645,1.2909480020063535,149525,1.216814901829166,59590
counsel,0.13687827816965092,27645,0.13760909546898512,149525,0.15608323544218827,59590
proc_simple,0.7453541309052915,26798,0.6640351774210042,146685,0.7224560028621565,58697
spec_burglary,0.16104177970699945,27645,0.19091790670456446,149525,0.16021144487330088,59590
spec_pickpocket,0.1843371314885151,27645,0.09029259321183748,149525,0.18825306259439503,59590
spec_multiple,0.1776451437873033,27645,0.26480521651897676,149525,0.2172679979862393,59590
surrender,0.1029480918791825,27645,0.13512121718776124,149525,0.11045477429098842,59590
restitution,0.17977934527039247,27645,0.2142250459789333,149525,0.15655311293841248,59590
forgiveness,0.09763067462470609,27645,0.10309312823942485,149525,0.07763047491189796,59590
has_facts,0.5254476397178514,27645,0.5961210499916402,149525,0.4380265145158584,59590
N_docs,,27645,,149525,,59590
