judgment_year,n,migrant_city,migrant_prov,migrant_v0_T02,migrant_city_nores,migrant_city_share
2002,169,0.01775147928994083,0.01775147928994083,0.005917159763313609,0.01775147928994083,1.0
2003,227,0.05286343612334802,0.05286343612334802,0.022026431718061675,0.05286343612334802,0.6666666666666666
2004,303,0.06930693069306931,0.06930693069306931,0.036303630363036306,0.066006600660066,0.6190476190476191
2005,374,0.06951871657754011,0.06951871657754011,0.029411764705882353,0.06951871657754011,0.8461538461538461
2006,245,0.363265306122449,0.363265306122449,0.3551020408163265,0.363265306122449,0.8314606741573034
2007,700,0.011428571428571429,0.011428571428571429,0.005714285714285714,0.01,0.25
2008,930,0.04408602150537634,0.04516129032258064,0.015053763440860216,0.016129032258064516,0.3170731707317073
2009,871,0.05510907003444317,0.05510907003444317,0.04822043628013777,0.05281285878300804,0.5416666666666666
2010,1936,0.19989669421487602,0.19989669421487602,0.1787190082644628,0.19111570247933884,0.751937984496124
2011,3171,0.3487858719646799,0.3491012298959319,0.28886786502680545,0.326080100914538,0.705244122965642
2012,7716,0.33359253499222397,0.3346293416277864,0.20762052877138415,0.23068947641264903,0.6464646464646465
2013,16769,0.34205975311586856,0.3485598425666408,0.25570994096249033,0.2996004532172461,0.41701534170153415
2014,120157,0.39170418702197957,0.3967475885716188,0.2655858585017935,0.34335078272593356,0.44320741086984233
2015,116589,0.40446354287282676,0.40906946624467144,0.25457804767173575,0.32732075924829956,0.45487318686911526
2016,126939,0.5064007121530814,0.5120569722465121,0.34539424447963196,0.42415648461071853,0.48151893220497183
2017,135628,0.8350709293066328,0.8449656413130032,0.6025304509393341,0.697392868729171,0.4728542544080382
2018,108446,0.8530697305571436,0.8619589473101821,0.6448186194050495,0.7324843701012486,0.4848127810446212
2019,85622,0.8516152390740698,0.8614141225386,0.6499264207797062,0.7270210927098175,0.45706762483371505
all,727186,0.6152084886122671,0.6222589543803099,0.4402188711003787,0.5198917470908406,0.47014446622601824
