quarter,pilot_city,n,cov_city,cov_v0
2013Q1,False,1806,0.3815060908084164,0.27906976744186046
2013Q1,True,316,0.2468354430379747,0.2310126582278481
2013Q2,False,2541,0.38292011019283745,0.2727272727272727
2013Q2,True,347,0.3804034582132565,0.3659942363112392
2013Q3,False,4268,0.3254451733833177,0.2387535145267104
2013Q3,True,855,0.27134502923976606,0.256140350877193
2013Q4,False,5155,0.3385063045586809,0.23918525703200777
2013Q4,True,1448,0.3301104972375691,0.27900552486187846
2014Q1,False,14718,0.43402636227748337,0.290392716401685
2014Q1,True,5917,0.3565996281899611,0.29947608585431806
2014Q2,False,21500,0.4385581395348837,0.287953488372093
2014Q2,True,8680,0.33617511520737325,0.2716589861751152
2014Q3,False,18406,0.4007932196023036,0.24709333912854503
2014Q3,True,6407,0.2953020134228188,0.24020602466052754
2014Q4,False,33687,0.3987294802149197,0.2532727758482501
2014Q4,True,10810,0.32377428307123035,0.24819611470860314
2015Q1,False,20750,0.4426987951807229,0.25050602409638556
2015Q1,True,6358,0.33170808430324,0.23954073608052848
2015Q2,False,19398,0.4523146716156305,0.2451283637488401
2015Q2,True,6357,0.35173824130879344,0.25719679093912223
2015Q3,False,18377,0.3784622081950264,0.24084453392827992
2015Q3,True,5870,0.3492333901192504,0.2749574105621806
2015Q4,False,30259,0.3996496910010245,0.2481906209722727
2015Q4,True,9177,0.40612400566633977,0.32690421706440015
2016Q1,False,25101,0.40890801163300267,0.2547707262658858
2016Q1,True,7060,0.43073654390934846,0.3567988668555241
2016Q2,False,21891,0.39098259558722764,0.24434699191448542
2016Q2,True,6891,0.4366565084893339,0.3521985198084458
2016Q3,False,18278,0.43281540649961703,0.28378378378378377
2016Q3,True,5874,0.5049370105549881,0.4078992168879809
2016Q4,False,32845,0.6881412695996346,0.4530674379662049
2016Q4,True,8962,0.6585583575094844,0.5208658781521982
2017Q1,False,27282,0.8210908291180998,0.5590865772304083
2017Q1,True,7282,0.7643504531722054,0.6360889865421587
2017Q2,False,23911,0.8440466730793359,0.5634226924846305
2017Q2,True,6190,0.8003231017770598,0.684168012924071
2017Q3,False,22814,0.8526343473305865,0.5995879722977119
2017Q3,True,6237,0.7899631232964567,0.6742023408690075
2017Q4,False,32473,0.8701690635297016,0.613740646075201
2017Q4,True,9400,0.7968085106382978,0.6688297872340425
2018Q1,False,24572,0.8808806771935537,0.6307585870096044
2018Q1,True,7290,0.8148148148148148,0.6880658436213992
2018Q2,False,22314,0.8780138029936363,0.6469032894147172
2018Q2,True,6329,0.7987043766787802,0.6756201611629009
2018Q3,False,14240,0.8841292134831461,0.655126404494382
2018Q3,True,4475,0.7501675977653631,0.6424581005586593
2018Q4,False,22565,0.8545091956569909,0.6311987591402615
2018Q4,True,6641,0.7578677909953321,0.6386086432766149
2019Q1,False,18686,0.8574868885796854,0.6242106389810553
2019Q1,True,6200,0.8204838709677419,0.7017741935483871
2019Q2,False,21373,0.8598699293501146,0.6283628877555795
2019Q2,True,6634,0.8372022912270124,0.7110340669279469
2019Q3,False,17278,0.8576224100011576,0.6437087625882625
2019Q3,True,5282,0.8470276410450587,0.7127981825066263
2019Q4,False,7875,0.8637460317460317,0.6514285714285715
2019Q4,True,2288,0.7762237762237763,0.6398601398601399
