quarter,pilot_city,migrant,n,speedy,n_speedy,sd_speedy,plea_formal,n_plea_formal,sd_plea_formal,leniency_proc,n_leniency_proc,sd_leniency_proc,probation,n_probation,sd_probation,bail,n_bail,sd_bail,term,n_term,sd_term,definition
2013-01-01,False,False,431,0.0,431,0.0,0.0,431,0.0,0.0,431,0.0,0.1531322505800464,431,0.36053342734974136,0.16183574879227053,414,0.3687456810792109,21.738095238095237,399,28.433157132184064,migrant_city
2013-01-01,False,True,258,0.0,258,0.0,0.0,258,0.0,0.0,258,0.0,0.09302325581395349,258,0.29102958158217423,0.09561752988047809,251,0.2946535544185308,19.16038912133891,239,24.482756124439685,migrant_city
2013-01-01,True,False,24,0.0,24,0.0,0.0,24,0.0,0.0,24,0.0,0.125,24,0.3378319623460881,0.17391304347826086,23,0.38755338788158983,17.904761904761905,21,16.640026327818,migrant_city
2013-01-01,True,True,53,0.0,53,0.0,0.0,53,0.0,0.0,53,0.0,0.07547169811320754,53,0.26667876121581074,0.058823529411764705,51,0.23763541031440183,10.826923076923077,52,8.528432616602398,migrant_city
2013-04-01,False,False,656,0.0,656,0.0,0.0,656,0.0,0.001524390243902439,656,0.039043440472151525,0.1448170731707317,656,0.3521848448754862,0.16930379746835442,632,0.37531707392023594,12.26143305785124,605,12.497340035297334,migrant_city
2013-04-01,False,True,317,0.0,317,0.0,0.0,317,0.0,0.0,317,0.0,0.0694006309148265,317,0.25453597716332116,0.07371794871794872,312,0.261731110513385,16.300675675675677,296,23.975710863420115,migrant_city
2013-04-01,True,False,28,0.0,28,0.0,0.0,28,0.0,0.0,28,0.0,0.03571428571428571,28,0.1889822365046136,0.14285714285714285,28,0.3563483225498992,10.796296296296296,27,10.650261155392514,migrant_city
2013-04-01,True,True,104,0.0,104,0.0,0.0,104,0.0,0.0,104,0.0,0.11538461538461539,104,0.3210326876770217,0.10576923076923077,104,0.3090313469746957,10.48019801980198,101,11.130570693382978,migrant_city
2013-07-01,False,False,880,0.0,880,0.0,0.0,880,0.0,0.0,880,0.0,0.13068181818181818,880,0.3372437145314974,0.15212264150943397,848,0.3593516713001538,12.622235872235873,814,18.916209606912147,migrant_city
2013-07-01,False,True,507,0.0,507,0.0,0.0,507,0.0,0.0,507,0.0,0.08678500986193294,507,0.28179779832788,0.1165644171779141,489,0.32122915898736126,14.068565400843882,474,20.87218333718447,migrant_city
2013-07-01,True,False,66,0.0,66,0.0,0.0,66,0.0,0.0,66,0.0,0.06060606060606061,66,0.24043472671155014,0.13846153846153847,65,0.3480716106691929,10.319672131147541,61,11.492763225498777,migrant_city
2013-07-01,True,True,166,0.0,166,0.0,0.0,166,0.0,0.0,166,0.0,0.05421686746987952,166,0.22713029490862574,0.15151515151515152,165,0.3596417696999812,13.671140939597315,149,16.705595822884302,migrant_city
2013-10-01,False,False,1063,0.0,1063,0.0,0.0,1063,0.0,0.0,1063,0.0,0.1354656632173095,1063,0.34238135874780323,0.17008797653958943,1023,0.3758938363495585,12.61196024464832,981,16.690074129506375,migrant_city
2013-10-01,False,True,681,0.0,681,0.0,0.0,681,0.0,0.0,681,0.0,0.0631424375917768,681,0.24339774753523472,0.08571428571428572,665,0.2801524050434604,15.696875576036865,651,27.56307231460019,migrant_city
2013-10-01,True,False,178,0.0,178,0.0,0.0,178,0.0,0.0,178,0.0,0.12359550561797752,178,0.3300479238990632,0.17045454545454544,176,0.3771044844705405,11.534545454545455,165,14.259719212443779,migrant_city
2013-10-01,True,True,297,0.0,297,0.0,0.0,297,0.0,0.003367003367003367,297,0.05802588531856595,0.06734006734006734,297,0.25103299189063377,0.1232876712328767,292,0.3293315307817744,12.894322463768116,276,21.438477268881904,migrant_city
2014-01-01,False,False,3590,0.0,3590,0.0,0.0,3590,0.0,0.0008356545961002785,3590,0.028899635303056677,0.14707520891364903,3590,0.3542302135852619,0.18347060494177792,3521,0.3871068347103097,13.092324422843257,3292,17.074444550350172,migrant_city
2014-01-01,False,True,2791,0.0,2791,0.0,0.0,2791,0.0,0.00035829451809387314,2791,0.01892866921085244,0.08563238982443569,2791,0.2798705914676357,0.10010921004732436,2747,0.3002002046443857,13.110986531986532,2673,18.71602110406038,migrant_city
2014-01-01,True,False,745,0.0,745,0.0,0.0,745,0.0,0.0,745,0.0,0.09261744966442953,745,0.29009035479038564,0.12789115646258503,735,0.3341959958075255,10.146932011331446,706,12.252933852335008,migrant_city
2014-01-01,True,True,1359,0.0,1359,0.0,0.0,1359,0.0,0.0014716703458425313,1359,0.0383482286632828,0.04562178072111847,1359,0.20874025970113225,0.05712109672505712,1313,0.23216228709679748,10.02923874904653,1311,12.146911421473499,migrant_city
2014-04-01,False,False,5572,0.0,5572,0.0,0.0,5572,0.0,0.00017946877243359656,5572,0.01339659555385608,0.14034458004307251,5572,0.347375352215623,0.188514129443938,5485,0.3911578294139676,14.234079097154073,5095,18.50005637248345,migrant_city
2014-04-01,False,True,3832,0.0,3832,0.0,0.0,3832,0.0,0.0005219206680584551,3832,0.02284260125104738,0.081419624217119,3832,0.2735141521929339,0.10109654987964696,3739,0.30149684722825065,15.534988748627882,3644,21.585811165100502,migrant_city
2014-04-01,True,False,1064,0.0,1064,0.0,0.0,1064,0.0,0.0009398496240601503,1064,0.030656966974248308,0.12969924812030076,1064,0.3361302436490612,0.1838095238095238,1050,0.38751335276943205,11.322434607645874,994,16.792598046529783,migrant_city
2014-04-01,True,True,1849,0.0,1849,0.0,0.0,1849,0.0,0.0,1849,0.0,0.07193077339102218,1849,0.25844314849875427,0.09624145785876993,1756,0.29500610223237883,10.609209904333145,1777,11.617888888794699,migrant_city
2014-07-01,False,False,4499,0.0,4499,0.0,0.0,4499,0.0,0.0008890864636585908,4499,0.029807607683263106,0.14292064903311846,4499,0.3500308131871521,0.18747162959600544,4406,0.3903339569475812,14.73154405392393,4154,22.707995972806497,migrant_city
2014-07-01,False,True,2866,0.0,2866,0.0,0.0,2866,0.0,0.0003489183531053733,2866,0.018679356335414062,0.07431960921144452,2866,0.26233607745612403,0.09537366548042704,2810,0.2937826477021183,15.895500731528895,2734,22.30530596280218,migrant_city
2014-07-01,True,False,764,0.0,764,0.0,0.0,764,0.0,0.0,764,0.0,0.11387434554973822,764,0.31786668475235935,0.1595744680851064,752,0.3664546807755361,11.547379694019472,719,16.713501961862132,migrant_city
2014-07-01,True,True,1121,0.0008920606601248885,1121,0.02986738455447496,0.0,1121,0.0,0.0008920606601248885,1121,0.02986738455447496,0.0695807314897413,1121,0.254552658991851,0.09683426443202979,1074,0.2958697298083054,11.288981325863679,1071,14.060566194699945,migrant_city
2014-10-01,False,False,8493,0.0,8493,0.0,0.0,8493,0.0,0.0009419521959260568,8493,0.030678587643599313,0.13022489108677734,8493,0.3365705079723874,0.17977259126271694,8355,0.3840209075666788,14.616901691873878,7802,19.82777253379179,migrant_city
2014-10-01,False,True,4910,0.0,4910,0.0,0.0,4910,0.0,0.0004073319755600815,4910,0.020180411269134717,0.06863543788187372,4910,0.25285892602501764,0.10081064227811266,4811,0.3011091204029482,16.65896122183709,4616,23.543161006981666,migrant_city
2014-10-01,True,False,1414,0.002828854314002829,1414,0.05313048328302852,0.0,1414,0.0,0.003536067892503536,1414,0.0593806179852689,0.13295615275813297,1414,0.33964746229322806,0.18794835007173602,1394,0.3908111213592017,12.02768532526475,1322,15.978492274411654,migrant_city
2014-10-01,True,True,2079,0.005291005291005291,2079,0.07256406330179997,0.0,2079,0.0,0.005772005772005772,2079,0.07577236542592941,0.05531505531505532,2079,0.228649178635413,0.0805734058329214,2023,0.27224615655190926,12.18861829025845,2012,15.889341932242031,migrant_city
2015-01-01,False,False,5329,0.00018765246762994934,5329,0.013698630136986304,0.0,5329,0.0,0.0007506098705197974,5329,0.02738954599526865,0.1448677050103209,5329,0.3520004318232579,0.18595279217040875,5211,0.38910590567660774,13.274419452275474,4966,17.28041498692375,migrant_city
2015-01-01,False,True,3842,0.0005205622071837585,3842,0.022812862148416713,0.0,3842,0.0,0.0007808433107756377,3842,0.027936297668666718,0.07548152004164498,3842,0.26420111350045905,0.09525072963650835,3769,0.2935998964012038,13.570160631636265,3673,17.76568249903877,migrant_city
2015-01-01,True,False,779,0.01797175866495507,779,0.13293404137256754,0.0,779,0.0,0.01797175866495507,779,0.13293404137256754,0.110397946084724,779,0.31358646945636887,0.1355263157894737,760,0.3425102817642244,11.527815468113976,737,16.531330587988972,migrant_city
2015-01-01,True,True,1321,0.03028009084027252,1321,0.17142185331141144,0.0,1321,0.0,0.031037093111279335,1321,0.17348364516060366,0.06813020439061317,1321,0.2520646285645158,0.07375099127676447,1261,0.26146892408641115,11.160431021044428,1283,13.999000311049786,migrant_city
2015-04-01,False,False,5117,0.00019542700801250732,5117,0.013979521022284967,0.0,5117,0.0,0.000586281024037522,5117,0.024208507367325383,0.1276138362321673,5117,0.33369193261359875,0.1749502982107356,5030,0.3799623579158855,13.993606574539363,4776,17.821139855904793,migrant_city
2015-04-01,False,True,3630,0.0002754820936639118,3630,0.01659765325773231,0.0,3630,0.0,0.0002754820936639118,3630,0.01659765325773231,0.07079889807162534,3630,0.25652396004368216,0.0949845895208742,3569,0.29323473516653964,14.835392929002587,3479,21.6273554835838,migrant_city
2015-04-01,True,False,863,0.04055619930475087,863,0.1973740986832204,0.0,863,0.0,0.04171494785631518,863,0.20005295666987302,0.1657010428736964,863,0.3720276647976346,0.18192627824019025,841,0.38601332235406416,10.67764277035237,823,13.594540044110278,migrant_city
2015-04-01,True,True,1367,0.06364301389904901,1367,0.24420525442546562,0.0,1367,0.0,0.06437454279444038,1367,0.245508764837574,0.07827359180687637,1367,0.2686999307122378,0.09056024558710668,1303,0.2870929175961807,11.404890895410084,1329,14.062897303281256,migrant_city
2015-07-01,False,False,4232,0.0,4232,0.0,0.0,4232,0.0,0.0011814744801512287,4232,0.03435633144937388,0.13492438563327033,4232,0.34168316113819464,0.1965750120598167,4146,0.39745613444871725,13.652378516624042,3910,16.7886520350565,migrant_city
2015-07-01,False,True,2708,0.0,2708,0.0,0.0,2708,0.0,0.0,2708,0.0,0.06831610044313147,2708,0.2523341507052192,0.09356060606060607,2640,0.2912716173913546,15.39101155624037,2596,20.426255117356344,migrant_city
2015-07-01,True,False,733,0.06548431105047749,733,0.2475474041636579,0.0,733,0.0,0.06548431105047749,733,0.2475474041636579,0.12278308321964529,733,0.3284121479915204,0.14722222222222223,720,0.3545736228565978,10.292805755395683,695,12.511128419747497,migrant_city
2015-07-01,True,True,1315,0.1285171102661597,1315,0.33479202336365355,0.0,1315,0.0,0.1285171102661597,1315,0.33479202336365355,0.06920152091254753,1315,0.2538930694466825,0.08300395256916997,1265,0.2759973069320278,11.063166144200627,1276,12.147017469378797,migrant_city
2015-10-01,False,False,7232,0.0005530973451327434,7232,0.023513142620631172,0.0,7232,0.0,0.000829646017699115,7232,0.028793616386494657,0.11310840707964602,7232,0.3167471676611914,0.17002678697307205,7093,0.37568281413251864,13.668942968632749,6663,17.068069503284445,migrant_city
2015-10-01,False,True,4823,0.00020733982998133942,4823,0.014399299635098206,0.0,4823,0.0,0.00041467965996267884,4823,0.02036157318386255,0.062409288824383166,4823,0.24192251728246195,0.08660581617490978,4711,0.28128640910854535,14.50915940143136,4611,18.69888298236695,migrant_city
2015-10-01,True,False,1333,0.11627906976744186,1333,0.32067958078597375,0.0,1333,0.0,0.11702925731432859,1333,0.3215757887063417,0.12153038259564891,1333,0.32686526186495046,0.15827922077922077,1232,0.36515083954424027,10.912344171292625,1261,12.748112005519157,migrant_city
2015-10-01,True,True,2375,0.15410526315789475,2375,0.36112565850651646,0.0,2375,0.0,0.15410526315789475,2375,0.36112565850651646,0.06905263157894737,2375,0.2535970113265753,0.08042328042328042,1890,0.27201935029072755,10.63458412424504,2318,12.987077337724795,migrant_city
2016-01-01,False,False,6183,0.00016173378618793466,6183,0.01271745989527526,0.00016173378618793466,6183,0.01271745989527526,0.00032346757237586933,6183,0.0179837495611484,0.13359210739123403,6183,0.34024106039785984,0.17430738786279684,6064,0.3794048767950636,13.827251915041783,5744,17.958262565516034,migrant_city
2016-01-01,False,True,4062,0.0,4062,0.0,0.0,4062,0.0,0.0007385524372230429,4062,0.027169628408886266,0.06745445593303791,4062,0.2508382789277024,0.08480565371024736,3962,0.27862743811173585,14.293505632360471,3906,18.003054941060736,migrant_city
2016-01-01,True,False,937,0.10992529348986126,937,0.3129636641796221,0.0,937,0.0,0.10992529348986126,937,0.3129636641796221,0.14834578441835647,937,0.35563224061072396,0.16253101736972705,806,0.3691663206857488,10.25306835722161,907,13.432989978539174,migrant_city
2016-01-01,True,True,2094,0.17526265520534862,2094,0.3802824192173608,0.0,2094,0.0,0.17526265520534862,2094,0.3802824192173608,0.08070678127984718,2094,0.27244934389685355,0.0673281360737066,1411,0.2506782672446752,10.470773989283975,2053,13.364855221227502,migrant_city
2016-04-01,False,False,5098,0.00039231071008238524,5098,0.01980489184867951,0.00019615535504119262,5098,0.014005547295310982,0.0017653981953707335,5098,0.0419836553121446,0.12730482542173402,5098,0.3333468218679449,0.1785642871425715,5001,0.3830253494435288,14.225543789473685,4750,17.880936142900094,migrant_city
2016-04-01,False,True,3442,0.0008715862870424172,3442,0.02951405932929677,0.001452643811737362,3442,0.03809140561736739,0.002324230098779779,3442,0.0481612077844215,0.07699012202208018,3442,0.2666145061222083,0.10002994908655286,3339,0.3000848676668049,15.236669791351678,3307,19.558311966492624,migrant_city
2016-04-01,True,False,1108,0.10108303249097472,1108,0.30157475933196803,0.0,1108,0.0,0.10469314079422383,1108,0.306295869367466,0.1588447653429603,1108,0.3656963279079834,0.1625124626121635,1003,0.36910431128476323,9.792554205607477,1070,10.730407854782923,migrant_city
2016-04-01,True,True,1887,0.18653948065712772,1887,0.3896446588006333,0.0,1887,0.0,0.1897191308956015,1887,0.392182726756493,0.07737148913619502,1887,0.26725080323024036,0.07940074906367041,1335,0.270464535414497,10.875169537136706,1858,14.032009876713333,migrant_city
2016-07-01,False,False,4433,0.0006767426122264832,4433,0.026008406774753388,0.0006767426122264832,4433,0.026008406774753363,0.003158132190390255,4433,0.0561147816177261,0.12046018497631401,4433,0.32553561155638855,0.17160578911095797,4353,0.377080769944672,13.85717248908297,4122,17.04829791797736,migrant_city
2016-07-01,False,True,3455,0.0005788712011577424,3455,0.02405625920038647,0.0005788712011577424,3455,0.02405625920038649,0.002894356005788712,3455,0.05372908203122763,0.06772793053545587,3455,0.2513148194277724,0.09738717339667459,3368,0.2965282769744037,14.329277475845412,3312,18.847857795610086,migrant_city
2016-07-01,True,False,1015,0.11921182266009853,1015,0.3241973390590768,0.0,1015,0.0,0.11921182266009853,1015,0.3241973390590768,0.11625615763546798,1015,0.3206898588989154,0.13697104677060135,898,0.3440083760861195,9.690260288065845,972,11.075403261455499,migrant_city
2016-07-01,True,True,1940,0.1670103092783505,1940,0.3730812419518648,0.0,1940,0.0,0.16804123711340208,1940,0.3739993054885892,0.06237113402061856,1940,0.241890752285,0.08071748878923767,1338,0.2725026143037259,10.996862506610258,1891,13.260814539017904,migrant_city
2016-10-01,False,False,12505,0.0007197121151539384,12505,0.026818867365161533,0.0009596161535385846,12505,0.03096404304132351,0.00351859256297481,12505,0.0592156438501332,0.12011195521791283,12505,0.3251054068034628,0.1824208200343727,12219,0.3862067727479253,12.487394217570351,11656,15.939144586303206,migrant_city
2016-10-01,False,True,10042,0.00029874526986656047,10042,0.01728252773130792,0.002290380402310297,10042,0.04780546140661612,0.006771559450308703,10042,0.08201448199667817,0.07130053774148576,10042,0.25733900928220443,0.11106506423539163,9652,0.31422897022703233,12.84554080782844,9606,17.274906884994085,migrant_city
2016-10-01,True,False,1954,0.09877175025588536,1954,0.29843168508192397,0.0010235414534288639,1954,0.031984642668992806,0.10030706243602866,1954,0.30048588043922714,0.12282497441146366,1954,0.3283202186447579,0.17180616740088106,1816,0.37731578853991965,10.137602179836513,1835,10.542510565452517,migrant_city
2016-10-01,True,True,3928,0.11761710794297352,3928,0.3221952079201504,0.002036659877800407,3928,0.04508912804697007,0.11965376782077393,3928,0.32459754679579866,0.07306517311608961,3928,0.2602765836643654,0.10677165354330709,3175,0.30887135714448805,11.31982328042328,3780,13.819208759793227,migrant_city
2017-01-01,False,False,12738,0.004631810331292197,12738,0.06790227264246229,0.0010990736379337415,12738,0.03313535679706807,0.0068299576071596795,12738,0.0823640810882485,0.1373842047417177,12738,0.34426601546059465,0.21277104591836735,12544,0.40928337611190846,11.936715590008614,11610,14.764966542816737,migrant_city
2017-01-01,False,True,9620,0.0031185031185031187,9620,0.0557593153491052,0.0012474012474012475,9620,0.03529836762138882,0.006964656964656965,9620,0.08316771926251185,0.08773388773388774,9620,0.28292220372442733,0.14115772703133297,9415,0.34820267229861396,12.586601126076397,9058,15.929915320473745,migrant_city
2017-01-01,True,False,2060,0.10145631067961165,2060,0.3020053030067142,0.02621359223300971,2060,0.1598087522918898,0.11990291262135923,2060,0.32492684616417167,0.14271844660194175,2060,0.3498704240120376,0.19540229885057472,1914,0.39661369823777,10.122251037344398,1928,10.556801765820568,migrant_city
2017-01-01,True,True,3485,0.11076040172166428,3485,0.31388024004473264,0.019799139167862266,3485,0.1393294786317363,0.12137733142037303,3485,0.32661213194373356,0.08436154949784792,3485,0.2779691524731573,0.12087114337568058,2755,0.3260366458366776,11.595412560096154,3328,15.148415935983842,migrant_city
2017-04-01,False,False,12039,0.004319295622560013,12039,0.06558198352585468,0.0023257745659938534,12039,0.04817217134461057,0.008306337735692334,12039,0.09076357621556685,0.13115707284658193,12039,0.3375860799168861,0.20638405674717109,11842,0.4047264635369559,12.297932416431369,10979,15.545961439836734,migrant_city
2017-04-01,False,True,8102,0.0025919526042952356,8102,0.05084833833404144,0.0012342631449024932,8102,0.03511256058302112,0.005183905208590471,8102,0.07181691254465003,0.07652431498395458,8102,0.2658515894444959,0.13478754255453285,7931,0.34151803332792224,13.265018198602137,7583,17.115107674139047,migrant_city
2017-04-01,True,False,1743,0.15261044176706828,1743,0.35971479205691054,0.12794033275960986,1743,0.3341192182531394,0.23235800344234078,1743,0.42245728091008755,0.14228341939185313,1743,0.34944084578360823,0.19659735349716445,1587,0.3975505279368309,11.02504570383912,1641,13.583757351839038,migrant_city
2017-04-01,True,True,3192,0.18828320802005014,3192,0.39099940729193944,0.10119047619047619,3192,0.3016280259820225,0.25219298245614036,3192,0.4343394791848503,0.09273182957393483,3192,0.29010171140521873,0.12783751493428913,2511,0.3339753060664646,11.520574787720443,3062,13.71625006112906,migrant_city
2017-07-01,False,False,10708,0.004109077325364214,10708,0.0639732366446193,0.003922301083302204,10708,0.06250825170483224,0.010179305192379529,10708,0.10038240869561231,0.13214419125887186,10708,0.3386632766065608,0.2042980213954369,10563,0.40320680910166995,12.341833384130855,9843,15.232674757264155,migrant_city
2017-07-01,False,True,8705,0.002871912693854107,8705,0.05351629487306562,0.0035611717403790924,8705,0.05957262358805094,0.010109132682366457,8705,0.10004043089148527,0.08225157955198162,8705,0.2747634069651109,0.14157224623291673,8561,0.3486312417243669,13.131285258768703,8154,17.538482136769463,migrant_city
2017-07-01,True,False,1697,0.22981732469063051,1697,0.4208392637928145,0.30229817324690633,1697,0.45938910235338326,0.4337065409546258,1697,0.4957317739072214,0.1426045963464938,1697,0.3497722369461232,0.2014341590612777,1534,0.4012024041713773,10.462247029393373,1599,12.353448698666202,migrant_city
2017-07-01,True,True,3210,0.24361370716510902,3210,0.4293291167560275,0.21090342679127727,3210,0.4080135202905532,0.36978193146417443,3210,0.48282074975620787,0.09314641744548287,3210,0.2906827914671893,0.12931726907630522,2490,0.33561816065571365,11.346802325581395,3096,15.377860533792619,migrant_city
2017-10-01,False,False,15944,0.007024586051179127,15944,0.0835205289327121,0.006021073758153537,15944,0.07736404731883603,0.013296537882589061,15944,0.11454502555025968,0.12738334169593576,15944,0.3334123544414364,0.20366001402792833,15683,0.4027318644877969,12.396760342465754,14600,15.430730823600786,migrant_city
2017-10-01,False,True,12237,0.005230040042494075,12237,0.07213259955599491,0.005066601291166136,12237,0.07100241416959066,0.012584783852251369,12237,0.11147835049399421,0.07477322873253249,12237,0.2630358283297236,0.1303226879574185,12024,0.33667211316548,13.135858047722342,11525,16.96481030268299,migrant_city
2017-10-01,True,False,2612,0.27909647779479324,2612,0.44864094006380917,0.3552833078101072,2612,0.4786907213665347,0.4770290964777948,2612,0.49956769736899964,0.13935681470137826,2612,0.34638479755509977,0.2001654259718776,2418,0.40020678034922036,10.429550575657895,2432,13.305688554316726,migrant_city
2017-10-01,True,True,4858,0.2830382873610539,4858,0.45052124888013506,0.29374228077398107,4858,0.45552219090438073,0.42548373816385343,4858,0.49446704196844415,0.09118979003705228,4858,0.28790844911136415,0.14246091780131115,3966,0.34956632524939024,11.868061578490893,4612,15.806324063886676,migrant_city
2018-01-01,False,False,11840,0.007770270270270271,11840,0.08780970560598236,0.011317567567567568,11840,0.10578480689209983,0.019932432432432434,11840,0.13977403419695308,0.14214527027027027,11840,0.3492138202675089,0.2056761839630706,11698,0.4042121453408361,12.164119875263689,10903,14.421641088089311,migrant_city
2018-01-01,False,True,9769,0.005118231139318251,9769,0.07136214785803288,0.007882075954550108,9769,0.08843500099654646,0.01525232879516839,9769,0.12256113945428437,0.09796294400655134,9769,0.2972797539481389,0.1442656979761287,9635,0.3513771772300209,12.797774176121015,9255,16.419211249968953,migrant_city
2018-01-01,True,False,2079,0.27224627224627224,2079,0.4452230734520348,0.4790764790764791,2079,0.499682202585086,0.5916305916305916,2079,0.49165038611073536,0.17267917267917268,2079,0.37806061063900315,0.21521625846795206,1919,0.41107940852214403,9.922739372469636,1976,12.082496818811741,migrant_city
2018-01-01,True,True,3844,0.2744536940686785,3844,0.4462966276754275,0.34963579604578565,3844,0.4769169490029502,0.4890738813735692,3844,0.4999456392561222,0.09755463059313216,3844,0.29675011918518807,0.14135437212360288,3042,0.3484440068478793,11.452995939361125,3694,14.641466754910809,migrant_city
2018-04-01,False,False,10837,0.005628864076774015,10837,0.07481775525634347,0.00839715788502353,10837,0.09125466590136179,0.014948786564547383,10837,0.12135353011194087,0.14016794315770048,10837,0.34717720710922495,0.20678377873294712,10702,0.4050179940722219,12.163821706975813,10006,14.618338542909541,migrant_city
2018-04-01,False,True,8719,0.006652139006766831,8719,0.08129357915956552,0.006537446954926023,8719,0.0805943777142812,0.01605688725771304,8719,0.12570153485212468,0.09611193944259663,8719,0.2947615977179351,0.14693544628291774,8582,0.3540621813036366,13.262617049738537,8223,17.112107861781766,migrant_city
2018-04-01,True,False,1789,0.3292342090553382,1789,0.47006654466466596,0.5461151481274455,1789,0.49800805692760913,0.6679709334823924,1789,0.47107303760768243,0.17439910564561206,1789,0.3795584086699182,0.2202562538133008,1639,0.41454587917653446,9.469434756820878,1686,10.428942003755667,migrant_city
2018-04-01,True,True,3253,0.30126037503842606,3253,0.45887611798293304,0.3861051337227175,3253,0.48693002193546703,0.5216723024900092,3253,0.4996068881058594,0.12695972948047957,3253,0.3329790391386639,0.1605313092979127,2635,0.3671677683933029,11.957485050890584,3144,16.016156929610876,migrant_city
2018-07-01,False,False,7446,0.007520816545796401,7446,0.0864017155525736,0.01060972334139135,7446,0.10246251545160427,0.0198764437281762,7446,0.13958505442261274,0.12651087832393232,7446,0.3324465655633237,0.203125,7360,0.40235212180693586,12.455997368036263,6839,14.906548324752036,migrant_city
2018-07-01,False,True,5119,0.007227974213713616,5119,0.0847179594893641,0.011134987302207463,5119,0.1049435600034633,0.020707169369017387,5119,0.1424160969660585,0.07950771635084977,5119,0.2705559815726732,0.12102036780700019,5057,0.32618319642642035,13.502410725292787,4867,16.9259575838377,migrant_city
2018-07-01,True,False,1177,0.31265930331350894,1177,0.4637738720597535,0.5327102803738317,1177,0.49914097483563724,0.6576040781648258,1177,0.4747129848050699,0.1784197111299915,1177,0.38302841391944303,0.22865554465161925,1019,0.4201731073891539,10.131954136690648,1112,13.962810520957419,migrant_city
2018-07-01,True,True,2165,0.31270207852193993,2165,0.463701201696753,0.3861431870669746,2165,0.4869765522922478,0.5584295612009238,2165,0.49668897263758527,0.11639722863741339,2165,0.320774751231197,0.12567934782608695,1472,0.3316002858768249,11.177013849092646,2094,14.736783736151374,migrant_city
2018-10-01,False,False,10852,0.018890527091780317,10852,0.13614471379151122,0.027091780316992258,10852,0.16235838390469912,0.04119056395134538,10852,0.198739882882564,0.1303907113896056,10852,0.3367483086913426,0.19109703855466567,10738,0.3931836177393738,12.637024885980567,10086,15.513990704977402,migrant_city
2018-10-01,False,True,8401,0.017378883466254016,8401,0.13068623047204064,0.02702059278657303,8401,0.16215304551911647,0.04094750624925604,8401,0.19818043061163135,0.07856207594334008,8401,0.2690700541365078,0.11821355483327314,8307,0.32288025666447706,13.165720985197163,8039,16.902460065229498,migrant_city
2018-10-01,True,False,1561,0.29788597053171045,1561,0.4574756709957895,0.5349135169762973,1561,0.4989393964822238,0.6604740550928891,1561,0.47370014398326227,0.16655989750160155,1561,0.3727018697964006,0.20348837209302326,1376,0.40273903647530496,10.241513898305085,1475,13.145896012462021,migrant_city
2018-10-01,True,True,3461,0.27477607627853223,3461,0.4464658753794709,0.4218433978618896,3461,0.49392513038740965,0.5394394683617452,3461,0.4985141252886612,0.1083501878069922,3461,0.3108670884754755,0.14491682070240297,2705,0.35208203969989355,11.820129147982064,3345,14.626343807892162,migrant_city
2019-01-01,False,False,9352,0.033361847733105215,9352,0.17958920778637802,0.06693755346449957,9352,0.24992718253633603,0.0822284003421728,9352,0.2747270663429039,0.14146706586826346,9352,0.34852133865924617,0.19948158548439357,9259,0.3996322450210519,11.907424772648785,8687,14.609815479955412,migrant_city
2019-01-01,False,True,6651,0.034881972635693884,6651,0.18349464041199598,0.08104044504585776,6651,0.2729177353043432,0.0984814313637047,6651,0.29798689542180196,0.09066305818673884,6651,0.28715094558591814,0.12136439774630729,6567,0.32657513867338733,12.815236204470846,6397,16.602462311569393,migrant_city
2019-01-01,True,False,1604,0.31296758104738154,1604,0.4638458898745045,0.5249376558603491,1604,0.4995334652933316,0.6726932668329177,1604,0.4693765958169805,0.20074812967581046,1604,0.4006849268849611,0.2223037417461482,1363,0.4159467786282127,9.67000395256917,1518,11.864017482343082,migrant_city
2019-01-01,True,True,3472,0.24078341013824886,3472,0.42762065715530573,0.43605990783410137,3472,0.49596624089906005,0.5429147465437788,3472,0.49822667460976483,0.10858294930875576,3472,0.3111600529301573,0.13702022286421792,2423,0.3439396791501709,10.049885201793723,3345,12.266592982011701,migrant_city
2019-04-01,False,False,10879,0.05147531942274106,10879,0.22097533660165916,0.12556301130618622,10879,0.33137144563764226,0.14891074547292948,10879,0.35601683395246037,0.13594999540398933,10879,0.3427512112196872,0.1925108907220317,10789,0.3942903210149164,12.554671459523341,10154,15.5797838888934,migrant_city
2019-04-01,False,True,7469,0.057705181416521624,7469,0.23320071732176076,0.14406212344356675,7469,0.35117622296908496,0.16869728209934395,7469,0.37450939601230715,0.09211407149551479,7469,0.28920627180287556,0.12967479674796747,7380,0.3359680617101169,13.07452802690583,7136,16.584356471066656,migrant_city
2019-04-01,True,False,1975,0.38936708860759495,1975,0.4877302583334374,0.56,1975,0.49651266116287046,0.739240506329114,1975,0.43916014344475995,0.1878481012658228,1975,0.3906897457339666,0.22486926205694363,1721,0.4176175475685715,9.320572117962465,1865,10.592012573823208,migrant_city
2019-04-01,True,True,3568,0.27214125560538116,3568,0.44512461622756205,0.4907511210762332,3568,0.49998452092538714,0.6076233183856502,3568,0.48834829890444814,0.13228699551569506,3568,0.33885000610546884,0.1563209689629069,2642,0.3632281115833714,10.927428654124459,3455,13.579492470581807,migrant_city
2019-07-01,False,False,9189,0.09174012406137773,9189,0.28867445759922444,0.2732615083251714,9189,0.4456582439689028,0.31679181630210035,9189,0.4652508115728511,0.1499619109805202,9189,0.35705351157689336,0.20353496541881655,9109,0.40264908014648443,12.098363583613787,8617,15.161882545600593,migrant_city
2019-07-01,False,True,5600,0.10125,5600,0.30168641023956677,0.30160714285714285,5600,0.4589966179476963,0.34910714285714284,5600,0.4767304583687392,0.09571428571428571,5600,0.2942252876432536,0.13788124887204475,5541,0.3448064192587633,13.271135751682872,5348,16.929250149075056,migrant_city
2019-07-01,True,False,1754,0.40364880273660203,1754,0.49076854385839913,0.6020524515393386,1754,0.48961410184423215,0.7753705815279361,1754,0.41745706224066625,0.20125427594070697,1754,0.4010519827470422,0.2341095028319698,1589,0.42357426060660247,9.518719806763285,1656,11.928473125650234,migrant_city
2019-07-01,True,True,2708,0.30465288035450516,2708,0.46034526068476217,0.5542836041358936,2708,0.4971363544629506,0.6680206794682423,2708,0.471010589647813,0.1358936484490399,2708,0.34273888547526676,0.17544707588206862,2069,0.38044099897559924,10.544178667693492,2597,13.428622279014386,migrant_city
2019-10-01,False,False,4131,0.1009440813362382,4131,0.30129113528954826,0.3969983054950375,4131,0.48933486976415563,0.4536431856693295,4131,0.4979066761199945,0.13483418058581456,4131,0.34158771909104996,0.18783585735222277,4094,0.3906287494056709,12.996098478989431,3879,17.075053896607233,migrant_city
2019-10-01,False,True,2658,0.1072234762979684,2658,0.30945537724563743,0.3935289691497366,2658,0.48862433849906156,0.445823927765237,2658,0.4971498160821174,0.09706546275395034,2658,0.2961025914746665,0.13071646341463414,2624,0.337154252689007,14.32179298245614,2565,18.800223604105913,migrant_city
2019-10-01,True,False,640,0.3828125,640,0.48645332242495626,0.628125,640,0.48368329567644985,0.765625,640,0.4239388852225705,0.1765625,640,0.38159626326487434,0.2512479201331115,601,0.43409208711958064,10.223702564102565,585,13.410743617732708,migrant_city
2019-10-01,True,True,1133,0.30803177405119153,1133,0.46188363652457387,0.6090026478375993,1133,0.4881892816602644,0.7113857016769638,1133,0.45331827644607664,0.11562224183583407,1133,0.3199125961678324,0.1611328125,1024,0.367833058974032,12.280532598714418,1089,16.236799929127177,migrant_city
