definition,period,pilot_city,outcome,mean_migrant,mean_local,gap,ci_low,ci_high,n_migrant,n_local
migrant_city,0 base 2013Q1-2014Q2,False,probation,0.08156451228237539,0.14189632545931757,-0.06033181317694218,-0.06885766860213202,-0.051805957751752334,8386,12192
migrant_city,0 base 2013Q1-2014Q2,False,bail,0.09923198829696453,0.1809108445860941,-0.08167885628912958,-0.09114532180607787,-0.07221239077218128,8203,11923
migrant_city,0 base 2013Q1-2014Q2,False,term,14.785842421963142,13.799487305560522,0.9863551164026205,0.40746905215579476,1.5652411806494464,7977,11186
migrant_city,0 base 2013Q1-2014Q2,False,leniency_proc,0.0003577390889577868,0.0004101049868766404,-5.23658979188536e-05,-0.0005936776372087417,0.0004889458413710345,8386,12192
migrant_city,0 base 2013Q1-2014Q2,True,probation,0.06269592476489028,0.11258907363420427,-0.049893148869313994,-0.06543070415438637,-0.034355593584241624,3828,2105
migrant_city,0 base 2013Q1-2014Q2,True,bail,0.08666123336049987,0.1608088589311507,-0.07414762557065084,-0.09237804429290108,-0.05591720684840059,3681,2077
migrant_city,0 base 2013Q1-2014Q2,True,term,10.697826241134752,10.951587639311045,-0.25376139817629273,-1.0339121580047044,0.5263893616521189,3666,1974
migrant_city,0 base 2013Q1-2014Q2,True,leniency_proc,0.0007836990595611285,0.00047505938242280285,0.00030863967713832565,-0.0009770702722700555,0.001594349626546707,3828,2105
migrant_city,1 speedy pilot,False,probation,0.07010256116426976,0.12875062913779087,-0.05864806797352111,-0.06258718187264659,-0.05470895407439563,34906,51658
migrant_city,1 speedy pilot,False,bail,0.0958498313535709,0.17888505180069067,-0.08303522044711976,-0.0876068984702969,-0.07846354242394263,34095,50675
migrant_city,1 speedy pilot,False,term,14.74918902219556,13.873125955633538,0.8760630665620219,0.6096897785721138,1.14243635455193,33340,47874
migrant_city,1 speedy pilot,False,leniency_proc,0.0012605282759410989,0.001374424096945294,-0.00011389582100419511,-0.0006044355395124264,0.0003766438975040362,34906,51658
migrant_city,1 speedy pilot,True,probation,0.0702494725083778,0.13245033112582782,-0.06220085861745002,-0.07016962265466815,-0.054232094580231885,16114,9211
migrant_city,1 speedy pilot,True,bail,0.0817557885210046,0.16047806915757717,-0.07872228063657258,-0.08776745260229914,-0.06967710867084602,13259,8618
migrant_city,1 speedy pilot,True,term,11.098723432721712,10.674499771845767,0.42422366087594554,0.06742362006897068,0.7810237016829205,15696,8766
migrant_city,1 speedy pilot,True,leniency_proc,0.1180340076951719,0.07317337965476062,0.044860628040411285,0.03757312368113295,0.05214813239968962,16114,9211
migrant_city,2 plea pilot,False,probation,0.08345948416212047,0.1319532150897809,-0.04849373092766042,-0.051498606989127754,-0.045488854866193085,70022,91055
migrant_city,2 plea pilot,False,bail,0.13486583340617078,0.20348564929417273,-0.06861981588800195,-0.0722903065778417,-0.0649493251981622,68646,89682
migrant_city,2 plea pilot,False,term,13.039052375189106,12.24816555475849,0.7908868204306163,0.6264162935609594,0.9553573473002732,66100,83640
migrant_city,2 plea pilot,False,leniency_proc,0.01171060523835366,0.012058645873373236,-0.00034804063501957597,-0.0014146168925494077,0.0007185356225102558,70022,91055
migrant_city,2 plea pilot,True,probation,0.09584180373313621,0.15176170447493623,-0.05591990074180002,-0.06273207630148446,-0.04910772518211558,27055,14503
migrant_city,2 plea pilot,True,bail,0.13359583743495992,0.2042014908515925,-0.07060565341663258,-0.07884295212304712,-0.06236835471021803,21333,13281
migrant_city,2 plea pilot,True,term,11.56612222179423,10.238424620350672,1.3276976014435569,1.0536730776507968,1.601722125236317,25961,13631
migrant_city,2 plea pilot,True,leniency_proc,0.36329698761781554,0.41812038888505826,-0.05482340126724272,-0.06468723119505199,-0.044959571339433464,27055,14503
migrant_city,3 national,False,probation,0.08916369454351522,0.13918713423344548,-0.050023439689930255,-0.05460654966954776,-0.04544032971031275,30001,43402
migrant_city,3 national,False,bail,0.12640383123672053,0.19631102737654968,-0.06990719613982915,-0.07523685970587178,-0.06457753257378653,29651,42993
migrant_city,3 national,False,term,13.18542631450743,12.384578858977525,0.8008474555299046,0.5539257879364021,1.047769123123407,28737,40490
migrant_city,3 national,False,leniency_proc,0.17926069131028965,0.1751992995714483,0.004061391738841347,-0.001562725729722372,0.009685509207405065,30001,43402
migrant_city,3 national,True,probation,0.12157089228992203,0.18864344762162893,-0.0670725553317069,-0.07752784286079943,-0.05661726780261437,13852,7379
migrant_city,3 national,True,bail,0.15454199200152352,0.22554890219560877,-0.07100691019408525,-0.08328882576093263,-0.05872499462723788,10502,6513
migrant_city,3 national,True,term,10.971340570487385,9.716448280822904,1.2548922896644807,0.8884714515726149,1.6213131277563466,13357,6951
migrant_city,3 national,True,leniency_proc,0.5970257002598903,0.7196097032118173,-0.12258400295192695,-0.1356907195871469,-0.109477286316707,13852,7379
migrant_prov,0 base 2013Q1-2014Q2,False,probation,0.07088310162522028,0.13298276735935124,-0.06209966573413096,-0.07090953710966107,-0.05328979435860085,5107,15784
migrant_prov,0 base 2013Q1-2014Q2,False,bail,0.08368452739313667,0.16804764370792336,-0.08436311631478668,-0.09405322841007996,-0.07467300421949341,4983,15448
migrant_prov,0 base 2013Q1-2014Q2,False,term,14.26103822567457,14.190451180994232,0.07058704468033739,-0.5813757224766163,0.7225498118372911,4892,14564
migrant_prov,0 base 2013Q1-2014Q2,False,leniency_proc,0.00019580967299784609,0.00044348707551951344,-0.00024767740252166733,-0.0007528405563400622,0.0002574857512967275,5107,15784
migrant_prov,0 base 2013Q1-2014Q2,True,probation,0.05282877482203072,0.10466165413533834,-0.05183287931330762,-0.06526224757734501,-0.03840351104927022,2669,3325
migrant_prov,0 base 2013Q1-2014Q2,True,bail,0.06564465408805031,0.15299877600979192,-0.0873541219217416,-0.10300785156141827,-0.07170039228206494,2544,3268
migrant_prov,0 base 2013Q1-2014Q2,True,term,10.554084647941515,10.976806129032258,-0.42272148109074337,-1.134786753989148,0.28934379180766145,2599,3100
migrant_prov,0 base 2013Q1-2014Q2,True,leniency_proc,0.0003746721618583739,0.0009022556390977444,-0.0005275834772393705,-0.0017849980071167988,0.0007298310526380578,2669,3325
migrant_prov,1 speedy pilot,False,probation,0.06075744599866781,0.11998082224619441,-0.059223376247526605,-0.06328639504042391,-0.0551603574546293,21018,66744
migrant_prov,1 speedy pilot,False,bail,0.08505054432348368,0.164820537927236,-0.07976999360375232,-0.08452604578609543,-0.07501394142140921,20576,65362
migrant_prov,1 speedy pilot,False,term,14.20603668815072,14.249960874179854,-0.04392418602913395,-0.34846587218781583,0.26061750012954793,20170,62184
migrant_prov,1 speedy pilot,False,leniency_proc,0.001237034922447426,0.001393383674937073,-0.00015634875248964693,-0.0007094499473798129,0.000396752442400519,21018,66744
migrant_prov,1 speedy pilot,True,probation,0.06590961405662549,0.1213756443298969,-0.05546603027327142,-0.06261776943667717,-0.04831429110986566,13033,12416
migrant_prov,1 speedy pilot,True,bail,0.07010710808179163,0.15007264336381507,-0.07996553528202344,-0.08810607829900885,-0.07182499226503802,10270,11701
migrant_prov,1 speedy pilot,True,term,10.83265272130122,11.08151840230665,-0.24886568100543016,-0.5935951730904772,0.09586381107961689,12788,11792
migrant_prov,1 speedy pilot,True,leniency_proc,0.11432517455689403,0.08875644329896908,0.025568731257924956,0.01816099080322594,0.032976471712623974,13033,12416
migrant_prov,2 plea pilot,False,probation,0.08249514931198287,0.12222692275150182,-0.03973177343951895,-0.04288964460336771,-0.036573902275670186,44839,118190
migrant_prov,2 plea pilot,False,bail,0.13850622971654222,0.18751828963902709,-0.04901205992248486,-0.05294153923416604,-0.04508258061080368,44063,116186
migrant_prov,2 plea pilot,False,term,12.519215082742315,12.644197708260878,-0.12498262551856243,-0.3066201961779841,0.05665494514085925,42300,109262
migrant_prov,2 plea pilot,False,leniency_proc,0.00992439617297442,0.012733733818427954,-0.0028093376454535347,-0.003927587291327273,-0.0016910879995797965,44839,118190
migrant_prov,2 plea pilot,True,probation,0.09607028150387303,0.1359644890475731,-0.03989420754370007,-0.04602067383869262,-0.033767741248707524,21172,20726
migrant_prov,2 plea pilot,True,bail,0.11561696658097687,0.19754233787691036,-0.0819253712959335,-0.08945461962758029,-0.0743961229642867,15560,19368
migrant_prov,2 plea pilot,True,term,11.49270459720002,10.698456635698344,0.7942479615016769,0.5191070709955634,1.0693888520077903,20643,19267
migrant_prov,2 plea pilot,True,leniency_proc,0.3500850179482335,0.417301939592782,-0.06721692164454851,-0.07650983863785958,-0.05792400465123744,21172,20726
migrant_prov,3 national,False,probation,0.08771532184950136,0.12869675958681195,-0.0409814377373106,-0.04598539110483081,-0.03597748436979038,17648,56536
migrant_prov,3 national,False,bail,0.12769248395967003,0.18036594953898935,-0.05267346557931932,-0.058560982842306215,-0.04678594831633242,17456,55964
migrant_prov,3 national,False,term,12.925954736406132,12.667699453448924,0.258255282957208,-0.03394756947010252,0.5504581353845186,16901,53060
migrant_prov,3 national,False,leniency_proc,0.1899365367180417,0.17323475307768502,0.016701783640356682,0.010127107964116089,0.023276459316597276,17648,56536
migrant_prov,3 national,True,probation,0.118412306523597,0.17162680299433997,-0.05321449647074297,-0.06259259161371525,-0.0438364013277707,10531,10954
migrant_prov,3 national,True,bail,0.1327567270730368,0.22088474270237737,-0.08812801562934058,-0.0993998198977869,-0.07685621136089427,7284,9969
migrant_prov,3 national,True,term,10.919420299727522,10.194467576791807,0.7249527229357149,0.36390662788736416,1.0859988179840656,10276,10255
migrant_prov,3 national,True,leniency_proc,0.5746842655018517,0.7044002190980464,-0.1297159535961947,-0.14245178529268485,-0.11698012189970455,10531,10954
