field,positives_in_300,share_unweighted,share_weighted,lt_20
plea_formal,53,0.17666666666666667,0.06289196571294277,False
jiejie,60,0.2,0.06978558217043468,False
procedure=速裁,55,0.18333333333333332,0.07612729014038815,False
nonlocal_origin (migrant_city_nores=1),87,0.29,0.2786924226777607,False
nonlocal_origin known,150,0.5,0.5675204268932311,False
residence_local=0 (住址在外地),32,0.10666666666666667,0.14285427912067783,False
no_fixed_residence,3,0.01,0.010740640451714028,True
ever_detained,223,0.7433333333333333,0.8401649555652614,False
ever_arrested,193,0.6433333333333333,0.7117933517292897,False
ever_bail,65,0.21666666666666667,0.21168910983791944,False
status=取保,49,0.16333333333333333,0.16541230149965203,False
status=监视居住,9,0.03,0.03974497272787159,True
probation,36,0.12,0.13050644612728035,False
counsel_d1 (any),49,0.16333333333333333,0.13097186037451627,False
counsel=指定,18,0.06,0.03624303733212931,True
counsel=值班律师,1,0.0033333333333333335,0.003994917392037444,True
sentencing_rec (建议判处),112,0.37333333333333335,0.2913162407053396,False
denial_reason_text,2,0.006666666666666667,0.007464196357178828,True
denial: residence,2,0.006666666666666667,0.007464196357178828,True
detention_days_known,191,0.6366666666666667,0.6239599360748584,False
spec_burglary,49,0.16333333333333333,0.18385790581787362,False
spec_pickpocket,36,0.12,0.14213559729383052,False
spec_multiple,70,0.23333333333333334,0.2923053981954842,False
spec_weapon,5,0.016666666666666666,0.00914256561072314,True
recidivist,76,0.25333333333333335,0.2699048969429897,False
surrender,29,0.09666666666666666,0.10613981578864307,False
restitution,51,0.17,0.19347600965304337,False
forgiveness,30,0.1,0.0987106111204457,False
penalty=管制,2,0.006666666666666667,0.007681931014424765,True
penalty=单处罚金,23,0.07666666666666666,0.06534358288692323,False
