,before_T03,after_T06a2,change
n,727186.0,727189.0,3.0
hukou_raw,0.22431537460842205,0.22499102709199398,0.0006756524835719313
residence_raw,0.39885806382411104,0.4264984756370077,0.02764041181289667
local_residence defined,0.38767660543519816,0.41190117012221034,0.024224564687012173
migrant_city_nores defined,0.5198917470908406,0.5213321433630047,0.0014403962721640795
migrant_city defined,0.6152084886122671,0.6192269134984165,0.004018424886149452
counsel = 1,0.16101245073475012,0.142396656353053,-0.01861579438169711
procedure NA,0.03339448229201332,0.252637209858785,0.2192427275667717
procedure = 普通,0.28488722280131906,0.0682161033789015,-0.21667111942241757
procedure = 简易,0.6312195229281091,0.632136899760585,0.0009173768324758358
procedure = 速裁,0.05049877197855844,0.04700978700172857,-0.0034889849768298675
panel_trial,,0.32965157613770285,
n_defendants = 0,0.0005349387914508805,0.0004373003442021263,-9.763844724875424e-05
status NA,0.09207410483700182,0.09110836385038827,-0.0009657409866135475
