,before,after,change
n,727189.0,727212.0,23.0
hukou_raw,0.22499102709199398,0.2259492417616871,0.0009582146696931193
residence_raw,0.4264984756370077,0.4275548258279566,0.001056350190948907
local_residence defined,0.41190117012221034,0.4129153534320116,0.001014183309801242
migrant_city_nores defined,0.5213321433630047,0.5236492247102633,0.0023170813472586094
migrant_city defined,0.6192269134984165,0.6218709262223395,0.002644012723923006
counsel = 1,0.142396656353053,0.14240984341768217,1.3187064629160972e-05
procedure NA,0.252637209858785,0.25264159557323035,4.3857144453318675e-06
procedure = 普通,0.0682161033789015,0.06821532097930177,-7.823995997191524e-07
procedure = 简易,0.632136899760585,0.6321334081395796,-3.491621005324852e-06
procedure = 速裁,0.04700978700172857,0.04700967530788821,-1.1169384036419094e-07
panel_trial,0.32965157613770285,0.32965627629907096,4.70016136810969e-06
n_defendants = 0,0.0004373003442021263,0.0004262855948471697,-1.1014749354956558e-05
status NA,0.09110836385038827,0.08673811763282234,-0.004370246217565932
