field,pair,n,agree,agree_w,kappa
nonlocal_origin,rule_vs_A,5000,0.965,0.96436755907929,0.945565884005689
nonlocal_origin,rule_vs_B,5000,0.9758,0.9780953793294801,0.9623969793773226
nonlocal_origin,A_vs_B,5000,0.9854,0.983346595745937,0.9774171799824152
residence_local,rule_vs_A,5000,0.9392,0.9440911831207087,0.8910167861395148
residence_local,rule_vs_B,5000,0.9782,0.9771861692769982,0.9596577526584985
residence_local,A_vs_B,5000,0.9598,0.9662792663128502,0.9288542468457477
status_at_judgment,rule_vs_A,5000,0.9724,0.9781699169377357,0.9371479545348343
status_at_judgment,rule_vs_B,5000,0.972,0.9769753883028023,0.9362684794096203
status_at_judgment,A_vs_B,5000,0.9972,0.9967141418375237,0.993426283802166
ever_bail,rule_vs_A,5000,0.9962,0.9964563194030378,0.9885834322769201
ever_bail,rule_vs_B,5000,0.9968,0.9969644786322768,0.990375951427427
ever_bail,A_vs_B,5000,0.9994,0.999491840770761,0.9982072838773149
penalty_type,rule_vs_A,4999,0.9965993198639728,0.996416258688207,0.9926331367461042
penalty_type,rule_vs_B,4999,0.9973994798959792,0.9972378056558127,0.994373198738721
penalty_type,A_vs_B,4999,0.9991998399679936,0.9991784530323946,0.9982605488370312
term_months,rule_vs_A,5000,0.9874,0.9871765253171657,
term_months,rule_vs_B,5000,0.9926,0.9920303699724307,
term_months,A_vs_B,5000,0.993,0.9929265781535028,
probation,rule_vs_A,5000,0.999,0.9986858262835687,0.9950153765663681
probation,rule_vs_B,4999,0.998999799959992,0.9986852191454316,0.9950152494080422
probation,A_vs_B,4999,1.0,1.0,1.0
