cy,pilot,courts,rate_mean,rate_weighted
2013.0,False,1612.0,0.06530658462194083,0.06446100284464824
2013.0,True,254.0,0.05489707502936509,0.04297641511969851
2014.0,False,2974.0,0.14429847216665853,0.15453878632208368
2014.0,True,319.0,0.17305004320122186,0.17661990882660367
2015.0,False,3083.0,0.14685344897396643,0.14614165504902116
2015.0,True,334.0,0.15751018700335323,0.15459690153372857
2016.0,False,3075.0,0.14025677478543935,0.1417661727843972
2016.0,True,342.0,0.14830480337924434,0.14209107066249924
2017.0,False,3095.0,0.14401042684852947,0.14344289114839384
2017.0,True,331.0,0.14768933771774695,0.13982339742277825
2018.0,False,2941.0,0.106715567188379,0.10590729662204276
2018.0,True,317.0,0.11791613671387571,0.10489704542301187
2019.0,False,2739.0,0.11873551246808597,0.10812789253942212
2019.0,True,299.0,0.12222125581853042,0.11795970767332543
