quarter,beta,se,group
2013Q1,-0.002362625631831706,0.02621509406304984,Local
2013Q2,0.023216519295975326,0.03473004391577467,Local
2013Q3,-0.027336042219163893,0.023558388204012605,Local
2013Q4,-0.004252030106297548,0.010824099885805863,Local
2014Q1,-0.023366427627990613,0.013148265049923521,Local
2014Q2,0.0,0.0,Local
2014Q3,0.009471693818225992,0.01037554534263312,Local
2014Q4,0.010389419380322939,0.010093625782005733,Local
2015Q1,0.013301712773494,0.01170596905133554,Local
2015Q2,0.0323732958255945,0.01855585830827439,Local
2015Q3,0.05798417387515342,0.039629749507879085,Local
2015Q4,0.10124940655794057,0.05580880132096194,Local
2016Q1,0.11026600292657947,0.05218384955537404,Local
2016Q2,0.10297069023567873,0.05896629642274784,Local
2016Q3,0.10409659188766753,0.05390500172441376,Local
2016Q4,0.08714473620252063,0.04460428893252788,Local
2017Q1,0.10414036136983629,0.044444112804801324,Local
2017Q2,0.21849746584779767,0.028542656879201652,Local
2017Q3,0.4168266149057759,0.036335879572089023,Local
2017Q4,0.4452925431429175,0.030816612397631588,Local
2018Q1,0.5698516863362999,0.05019280317240204,Local
2018Q2,0.6322610614946639,0.046897296009208056,Local
2018Q3,0.633603186954608,0.06611823941608864,Local
2013Q1,0.01235965247100051,0.015157723332836126,Migrant
2013Q2,-0.014324665169811967,0.023835378288768607,Migrant
2013Q3,-0.025235738913859766,0.013262009460726776,Migrant
2013Q4,-0.006701149499041909,0.012020060349288843,Migrant
2014Q1,-0.004233761934626148,0.009226647932012944,Migrant
2014Q2,0.0,0.0,Migrant
2014Q3,0.0007763689552720614,0.006208274200809744,Migrant
2014Q4,-0.0013985099367456266,0.00817573927529746,Migrant
2015Q1,0.01681054260950079,0.014031615248314188,Migrant
2015Q2,0.0448330456084181,0.015334817796028523,Migrant
2015Q3,0.1232017290111724,0.029004412352344865,Migrant
2015Q4,0.14355780847972513,0.026924713051965393,Migrant
2016Q1,0.17407524431450086,0.040052798468637886,Migrant
2016Q2,0.19213609349019953,0.047816786690277675,Migrant
2016Q3,0.1740865019960821,0.04291376280434328,Migrant
2016Q4,0.11016301632855166,0.036738745563720414,Migrant
2017Q1,0.11388476563507874,0.03278055316349834,Migrant
2017Q2,0.2497751614046052,0.03340002238725543,Migrant
2017Q3,0.3670790197213714,0.039213250901309074,Migrant
2017Q4,0.4114588564165636,0.04098148109225351,Migrant
2018Q1,0.47675539172483156,0.04304892140460046,Migrant
2018Q2,0.5049442738301877,0.04179845747726658,Migrant
2018Q3,0.5489935603798056,0.043937352809633616,Migrant
