quarter,beta1,se1,beta2,se2,outcome
2013Q1,-0.032679840722670134,0.07311866237074054,0.023651111634795597,0.0945384933941513,probation
2013Q2,-0.0510053261090123,0.04454113908166322,0.1027387093634595,0.06578102388391951,probation
2013Q3,-0.04643623296705963,0.03805669616053388,0.001990229492480978,0.029219828152058907,probation
2013Q4,0.003179066347648389,0.028162256233259762,-0.021113672454731492,0.03711588860006712,probation
2014Q1,-0.02749723029769939,0.010062351579821964,0.006643889111373247,0.017532899928944252,probation
2014Q2,0.0,0.0,0.0,0.0,probation
2014Q3,-0.027888326893051672,0.012813255683782686,0.015441506039409313,0.014234313555449359,probation
2014Q4,-0.0008547642225802667,0.010382371382859657,-0.012037674544427496,0.018050288957156466,probation
2015Q1,-0.04263506568160885,0.01242173154044898,0.03532491031375047,0.016468355570947182,probation
2015Q2,0.035416485915708514,0.021235702180471196,-0.02257027389818819,0.021637623987470246,probation
2015Q3,-0.01028039338463554,0.012937414574976725,0.02063602791298112,0.021538734774758497,probation
2015Q4,-0.007849957757505896,0.013760688538546223,0.00858901239358291,0.020103789726210373,probation
2016Q1,0.004426176075014786,0.010541284942416414,-0.008780065732069603,0.016433562146684486,probation
2016Q2,0.021772196427680676,0.01098031449096842,-0.03488876240812951,0.015419821496412654,probation
2016Q3,-0.01692562758978893,0.009771373601661741,-0.0007679122386075017,0.014636395434642532,probation
2016Q4,0.006487193637210922,0.012053816548644196,-0.005356049231491584,0.016968437296445957,probation
2017Q1,0.007063684057872754,0.01483695845537587,-0.007948409804397132,0.020339337605103987,probation
2017Q2,0.0034230656452584646,0.012827315902567051,0.009806473058078581,0.01985091568526273,probation
2017Q3,0.013228934756858815,0.011281665053428773,-0.0019668446615234148,0.015521192742588502,probation
2017Q4,0.016020803357189438,0.012425564918335142,-0.0032759031344570273,0.017494656302624763,probation
2018Q1,0.020223720419244386,0.020307183213262383,-0.027041466483213407,0.026548181589420634,probation
2018Q2,0.02146916165990052,0.01458765580370827,0.008254815122737623,0.017848210726874054,probation
2018Q3,0.0434781599695436,0.016170398390583634,-0.023509126680474234,0.01663132781188318,probation
2013Q1,-0.032959753076473995,0.1040951337092209,0.013412410752265671,0.11306531329736186,bail_at_judgment
2013Q2,0.023916260982125587,0.051919621607022175,-0.02754277488676763,0.06575594666542488,bail_at_judgment
2013Q3,-0.02887941893546447,0.04817809945299359,0.02487285545428433,0.04714055950766102,bail_at_judgment
2013Q4,-0.0021036966144293997,0.03740348092073614,0.006103044123406254,0.041420370130339654,bail_at_judgment
2014Q1,-0.05226755910168786,0.014615327902705106,0.017741997197606583,0.018934291354268662,bail_at_judgment
2014Q2,0.0,0.0,0.0,0.0,bail_at_judgment
2014Q3,-0.028037221906836222,0.018288193588554075,0.013283465510227082,0.02488349417092674,bail_at_judgment
2014Q4,-0.0007664715841434073,0.011918467069258898,-0.013586468075600088,0.018821310333576514,bail_at_judgment
2015Q1,-0.04186777634101666,0.013383959450353223,0.02362741113097069,0.018261819502672253,bail_at_judgment
2015Q2,-0.0026110497500611736,0.021621053692085525,0.009821105479051071,0.025357923941791115,bail_at_judgment
2015Q3,-0.05538265451032102,0.015120448370177135,0.06196054596872217,0.023548016053833363,bail_at_judgment
2015Q4,-0.009708937178004856,0.016443535092632598,0.01207747402605127,0.022919928093759104,bail_at_judgment
2016Q1,-0.005797069455792944,0.013811118898011383,-0.010995602611718353,0.017450193368544985,bail_at_judgment
2016Q2,-0.011782338517014868,0.015264092138178921,-0.003561219552501796,0.020686251731606375,bail_at_judgment
2016Q3,-0.036393245301226076,0.012341492987436907,0.030711604346942718,0.01705846382019697,bail_at_judgment
2016Q4,-0.020160833198755407,0.016772948682646043,0.02165633147590015,0.021204431734516548,bail_at_judgment
2017Q1,-0.01925672844729617,0.015264892500953952,0.012012856000737074,0.02035738362961787,bail_at_judgment
2017Q2,-0.015398585538574412,0.018405799261689147,0.018536955071528794,0.026707571096532445,bail_at_judgment
2017Q3,-0.014064136687570712,0.01532107392219681,0.011268859614364485,0.02249490614574589,bail_at_judgment
2017Q4,-0.012670305231220732,0.018012960421970273,0.021785609238349348,0.024555906682827117,bail_at_judgment
2018Q1,-0.01734296050778603,0.02417550886387403,0.007766843051275742,0.030885105965475314,bail_at_judgment
2018Q2,-0.004260150240270434,0.012048278580403436,0.024613241959719614,0.02186736490878098,bail_at_judgment
2018Q3,-0.001408256920673658,0.02580922957172667,-0.005184224046420844,0.031421837387125826,bail_at_judgment
2013Q1,-0.016350313366460378,0.11243144154137462,-0.10230566133728217,0.10638729284869482,log_term
2013Q2,-0.11285583782773531,0.10316660678542253,0.14667897693125592,0.10042558537758374,log_term
2013Q3,-0.0010559414945619503,0.08369053008875188,0.20199135769099816,0.04775464710632753,log_term
2013Q4,0.0015125012957581069,0.06706602767752473,0.06274705665966013,0.07176921715122665,log_term
2014Q1,0.03416197528317204,0.019776923700290713,-0.017686864852949083,0.029013478645894056,log_term
2014Q2,0.0,0.0,0.0,0.0,log_term
2014Q3,-0.018503110250690177,0.022301270557062103,0.015815373780855423,0.024260858749693883,log_term
2014Q4,0.018503014232572557,0.02047120127863635,0.008496314865628903,0.023456676940779488,log_term
2015Q1,0.04630526048286492,0.022384261855589015,3.3142310581942836e-05,0.029672517046270958,log_term
2015Q2,0.0055063873802177685,0.02482695733261653,0.01729063554732012,0.03153091410378179,log_term
2015Q3,-0.012963432421745014,0.0240530864233767,0.03296846738834489,0.025921551301063772,log_term
2015Q4,-0.008174851249832476,0.024657105307102325,0.034277567322675985,0.028465566821842314,log_term
2016Q1,0.018400547669371062,0.0257077078715114,0.014419862772884333,0.024602995881989977,log_term
2016Q2,-0.03336251695445906,0.02742532795737792,0.05278620317433645,0.023676986739530243,log_term
2016Q3,-0.06183976832702543,0.026034274014535043,0.09045297153708269,0.026886805766840115,log_term
2016Q4,0.01597480211007828,0.026644081832213944,0.05677333367873575,0.03132009072762472,log_term
2017Q1,0.038012259339961704,0.024686723869713267,0.02633033091434263,0.025214621208084025,log_term
2017Q2,0.04104119475399967,0.023968750990643373,-0.006163380122515164,0.02653265181762724,log_term
2017Q3,0.03975134663011829,0.022146068761385047,0.002397686449112916,0.026599585313086063,log_term
2017Q4,0.01864118139176386,0.02099151561372722,0.03820763449135179,0.020232871563494747,log_term
2018Q1,0.014220985494456358,0.022434786482242695,0.03938013044583564,0.02531098945773951,log_term
2018Q2,0.014488142964990429,0.02876583648452431,0.01577930062170125,0.02716976445448749,log_term
2018Q3,0.022413524787757037,0.022702723265598194,0.004299773621584681,0.02467729884571249,log_term
2013Q1,-0.01428282681006977,0.02629172884865262,0.030447453558912797,0.02830557526387166,leniency_proc
2013Q2,0.007928343207603354,0.03997453068106091,-0.021343031129975206,0.026400041644889523,leniency_proc
2013Q3,-0.02930743747688204,0.02014680180339105,-0.0004226103012975732,0.022714622419421585,leniency_proc
2013Q4,-0.005637838570223584,0.012975095789945275,-0.004933613814593213,0.01309511386136701,leniency_proc
2014Q1,-0.024977689340636513,0.014656409789140781,0.019567818344691512,0.011985249469972828,leniency_proc
2014Q2,0.0,0.0,0.0,0.0,leniency_proc
2014Q3,0.006626272219419132,0.010207908842081614,-0.00350943441921397,0.009850633047445474,leniency_proc
2014Q4,0.008290523320977619,0.010597597825340657,-0.007993310716459255,0.01164549644602728,leniency_proc
2015Q1,0.012538917961578595,0.012067670259265126,0.0047218752972948376,0.011587539640474143,leniency_proc
2015Q2,0.029485032533254393,0.019953413975496277,0.01377642578032549,0.019101888852362706,leniency_proc
2015Q3,0.05525007242120791,0.040867782116207195,0.06463294129090034,0.024524676200692836,leniency_proc
2015Q4,0.09474428569971925,0.056191722446104674,0.045337470886788855,0.040810907404458203,leniency_proc
2016Q1,0.10431173636472253,0.05174434759416571,0.06529491476237498,0.04206586435905636,leniency_proc
2016Q2,0.0976100313991328,0.059134475145587236,0.08984667864162527,0.04105601167619668,leniency_proc
2016Q3,0.10042031339730335,0.05349151874603441,0.07273755780961498,0.04404328429632233,leniency_proc
2016Q4,0.08183221003426985,0.04392421619273624,0.02546865509167859,0.042047113076609154,leniency_proc
2017Q1,0.09296305539938564,0.04717934898338664,0.01850539042759768,0.03993722426116271,leniency_proc
2017Q2,0.2017418532009585,0.03111964136867286,0.040370467636423935,0.028325697388656847,leniency_proc
2017Q3,0.3892314696547316,0.032388312413834795,-0.03542675827281646,0.02980432598888867,leniency_proc
2017Q4,0.4158077756130879,0.030543394656903193,-0.018674689942965107,0.03131276578189932,leniency_proc
2018Q1,0.5358558806093158,0.04106883165533377,-0.07498034461397009,0.037203803587160626,leniency_proc
2018Q2,0.5981398388986148,0.039991567067420124,-0.10853537926983851,0.03793610139875881,leniency_proc
2018Q3,0.5982863931948429,0.06075038764764981,-0.06898196577843389,0.04333222532942783,leniency_proc
