outcome,param,coef,se,t,p,N,n_clusters,mean_y,p_wild,p_romano_wolf,boot_reps
probation,pilot_P1,0.0071270423069650386,0.007425793865275991,0.9597684013681077,0.3378213479437462,374322,358,0.11107756916468087,,,9999
probation,pilot_P2,0.024078972842731534,0.010519923209884178,2.2888924531414556,0.022669053067079004,374322,358,0.11107756916468087,,,9999
probation,pilot_P3,0.041966091775519514,0.008840570847361565,4.746988910568386,2.993245529214761e-06,374322,358,0.11107756916468087,,,9999
probation,pilot_P1_mig,-0.004183466163866113,0.008397871443034473,-0.4981579192113074,0.6186794821174824,374322,358,0.11107756916468087,0.6825682568256826,0.9371937193719372,9999
probation,pilot_P2_mig,-0.008708185813249093,0.01169374105655286,-0.7446877582746934,0.4569504270985174,374322,358,0.11107756916468087,0.6143614361436144,0.9343934393439344,9999
probation,pilot_P3_mig,-0.013067536675901536,0.01095195577636488,-1.1931692332160648,0.23359544685302747,374322,358,0.11107756916468087,,,9999
bail_at_judgment,pilot_P1,-0.0012026283192374191,0.009730756226907644,-0.1235904272179681,0.9017091242700239,356725,358,0.1563408432779128,,,9999
bail_at_judgment,pilot_P2,0.004945681271235587,0.013273917676769362,0.3725864052849301,0.7096773875526374,356725,358,0.1563408432779128,,,9999
bail_at_judgment,pilot_P3,0.023869263790666558,0.014066943795565261,1.6968336646224158,0.09059973094525553,356725,358,0.1563408432779128,,,9999
bail_at_judgment,pilot_P1_mig,0.004862643160362672,0.009960675134396727,0.4881840934226172,0.6257191538022708,356725,358,0.1563408432779128,0.6184618461846184,0.9371937193719372,9999
bail_at_judgment,pilot_P2_mig,0.006638005649311934,0.015038637613269807,0.44139674217927055,0.6591930154381318,356725,358,0.1563408432779128,0.6982698269826982,0.9371937193719372,9999
bail_at_judgment,pilot_P3_mig,0.004396942345216334,0.014413184463610888,0.3050639056425968,0.7604952578753215,356725,358,0.1563408432779128,,,9999
log_term,pilot_P1,-0.004755884604894769,0.017206332770399336,-0.2764031515812879,0.7823988326685674,352429,357,2.3237339006327837,,,9999
log_term,pilot_P2,0.023301045798960626,0.018021472987142895,1.2929601157233013,0.19686329672722058,352429,357,2.3237339006327837,,,9999
log_term,pilot_P3,0.004299995746438122,0.016710008471109806,0.25733055455192927,0.7970722788463454,352429,357,2.3237339006327837,,,9999
log_term,pilot_P1_mig,0.02496656958015799,0.01763859532769618,1.4154511238746659,0.1578104675540295,352429,357,2.3237339006327837,0.18261826182618263,0.7222722272227222,9999
log_term,pilot_P2_mig,0.0124888727536538,0.01891477319127328,0.6602708172792576,0.5095070311978256,352429,357,2.3237339006327837,0.5176517651765177,0.9371937193719372,9999
log_term,pilot_P3_mig,0.017265253569702283,0.01895061640049249,0.9110655402878395,0.36287731496452436,352429,357,2.3237339006327837,,,9999
leniency_proc,pilot_P1,0.06887997289625818,0.03887602137094905,1.7717855497355557,0.07728312163021123,374322,358,0.10628225815069298,,,9999
leniency_proc,pilot_P2,0.3762743012749797,0.02492045583420854,15.099013588606372,0.0,374322,358,0.10628225815069298,,,9999
leniency_proc,pilot_P3,0.5035085813900217,0.05806444837653109,8.671546797877332,2.220446049250313e-16,374322,358,0.10628225815069298,,,9999
leniency_proc,pilot_P1_mig,0.049216422783782104,0.02626575551960853,1.8737866781345733,0.06177650253804767,374322,358,0.10628225815069298,0.4527452745274527,0.7101710171017102,9999
leniency_proc,pilot_P2_mig,-0.02612740692228539,0.02376723906558515,-1.0993034087883498,0.2723765173657757,374322,358,0.10628225815069298,0.3144314431443144,0.8458845884588458,9999
leniency_proc,pilot_P3_mig,-0.08241785229104917,0.043301846486779816,-1.9033334367441257,0.05780110704805108,374322,358,0.10628225815069298,,,9999
