event_time,att,se,outcome
-14,0.07168176539074819,0.09150661614416485,probation
-13,-0.08973835384003798,0.13033070312235837,probation
-12,0.05084719764843765,0.11397437685280064,probation
-11,-0.06293091293266896,0.04952163056808414,probation
-10,0.0022396168365302997,0.08302789335737637,probation
-9,-0.021655986628718385,0.09196229161338045,probation
-8,-0.022787373028941297,0.03573211212289476,probation
-7,0.07433846784972085,0.0619539853512862,probation
-6,-0.05841445481468359,0.037832554419000686,probation
-5,0.1145916599192522,0.04964279664371176,probation
-4,-0.09328003716322907,0.05061571355202047,probation
-3,-0.00043973117847299903,0.04978216235254212,probation
-2,-0.03569108142029144,0.09194639262157417,probation
-1,0.03723518084351464,0.09931336402148243,probation
0,-0.014045499911955917,0.02575942380700951,probation
1,-0.017736298101027302,0.02967057161575836,probation
2,0.005887092067920579,0.03228361146696533,probation
3,0.0033093021255100365,0.02840303566848304,probation
4,-0.008982316831918403,0.0316354226898823,probation
5,-0.010063945131476279,0.03179110577063283,probation
6,0.01545036323381353,0.024373911729737574,probation
7,-0.07797969965126114,0.07901151890281409,probation
-14,0.04699483199696328,0.09734033134831184,bail_at_judgment
-13,-0.10978590335286234,0.12084610016665828,bail_at_judgment
-12,0.10483848560036431,0.11189311462183035,bail_at_judgment
-11,-0.04530528206679926,0.06418563702640183,bail_at_judgment
-10,-0.01417852653584769,0.08734839621874371,bail_at_judgment
-9,-0.047297118257459116,0.09263650543596881,bail_at_judgment
-8,0.0047355792309301675,0.055763291795821325,bail_at_judgment
-7,0.051470903568759316,0.05736817228662031,bail_at_judgment
-6,-0.0308545119828632,0.05113861306895349,bail_at_judgment
-5,0.03123058375183422,0.077192911718715,bail_at_judgment
-4,-0.0010650059545977905,0.08261096101877605,bail_at_judgment
-3,-0.023442901260304322,0.0676403261360743,bail_at_judgment
-2,0.06956669388722089,0.05165920325961132,bail_at_judgment
-1,-0.05761206223825721,0.04922006862535933,bail_at_judgment
0,0.022555922356890034,0.047032846080648866,bail_at_judgment
1,-0.02443642704278951,0.03509628810842353,bail_at_judgment
2,-0.011993381136021934,0.0397783601282981,bail_at_judgment
3,-0.015814207112198005,0.03326323435180911,bail_at_judgment
4,-0.008790037642954395,0.0498272047767652,bail_at_judgment
5,-0.018904162534787786,0.05179222653455781,bail_at_judgment
6,-0.008282035756301511,0.046127006130659856,bail_at_judgment
7,-0.07415185415083983,0.0861161545016292,bail_at_judgment
-14,0.02453045849672056,0.2559798514724992,log_term
-13,-0.05070894169167266,0.18197597860668568,log_term
-12,0.023340108809236787,0.15409564985687665,log_term
-11,-0.10012726652089571,0.11321640508038996,log_term
-10,-0.04568012896913101,0.06519303392327223,log_term
-9,0.08682178701556524,0.0930006800418989,log_term
-8,-0.12372156009000627,0.09300856067734835,log_term
-7,0.21773606273377685,0.09138697042707848,log_term
-6,-0.2042226091441957,0.07816326034220168,log_term
-5,0.08110426792512582,0.09357826978913435,log_term
-4,0.026110823633811654,0.10517222145148633,log_term
-3,-0.11715284659599795,0.06701137333286762,log_term
-2,0.05108291622948112,0.07923197032721796,log_term
-1,0.3020287997220471,0.16549758729629363,log_term
0,-0.2811260129632157,0.18527075736083856,log_term
1,-0.23757079375967727,0.09683645621334368,log_term
2,-0.27536437819092374,0.154807638539417,log_term
3,-0.2522380272874107,0.25206871428396,log_term
4,-0.1623869582153607,0.15228688348123665,log_term
5,-0.19041592057000262,0.16767055051925253,log_term
6,-0.1825190171249349,0.16031818907551978,log_term
7,-0.23579294813402263,0.20367611983898845,log_term
-14,0.006289308176100629,0.009148607495228587,leniency_proc
-13,-0.00628930817610063,0.009148607495228587,leniency_proc
-12,0.0013736263736263737,0.0018798844697873233,leniency_proc
-11,-0.0007300389277364849,0.0018549283744695442,leniency_proc
-10,-0.002377316662269928,0.001588642112375344,leniency_proc
-9,0.004891314192304515,0.0033706314652137094,leniency_proc
-8,-0.00034026291837438135,0.006578736783951969,leniency_proc
-7,0.016594727012516446,0.007633639302128082,leniency_proc
-6,-0.04228771236772162,0.04023831575496937,leniency_proc
-5,0.04079483114132129,0.05351321149774226,leniency_proc
-4,-0.04146774834368322,0.060998780456376606,leniency_proc
-3,0.08251128965430923,0.04176619319806846,leniency_proc
-2,-0.021717751472292646,0.06098330572516365,leniency_proc
-1,-0.10798289802187082,0.07444639081002578,leniency_proc
0,0.07736710741009696,0.08435000682627886,leniency_proc
1,0.044060792315753966,0.0759383087677816,leniency_proc
2,0.04786588472115056,0.08526173066243285,leniency_proc
3,0.034383719121732624,0.08343757780080854,leniency_proc
4,0.02333757267789392,0.08347001832438615,leniency_proc
5,0.014051861534592033,0.04928703940592584,leniency_proc
6,-0.006076065607490886,0.09603779800508673,leniency_proc
7,-0.0018322523848447823,0.06878516116330462,leniency_proc
