analysis,outcome,param,coef,se,t,p,N,n_clusters,label
(a) P2 split,leniency_proc,pilot_P1_mig,0.046476903314998555,0.027249837683558507,1.7055845930062516,0.08895526636188134,380614,358.0,exploratory
(a) P2 split,leniency_proc,pilot_P2a_mig,0.00509682618765237,0.03173284295521619,0.16061675264474098,0.8724861057884148,380614,358.0,exploratory
(a) P2 split,leniency_proc,pilot_P2b_mig,-0.08355246869964675,0.03284695131890293,-2.5436902161316732,0.011389802091486434,380614,358.0,exploratory
(a) P2 split,leniency_proc,pilot_P1,0.07151434948094731,0.03973500224302422,1.7997821931292883,0.07273922462883031,380614,358.0,exploratory
(a) P2 split,leniency_proc,pilot_P2a,0.26720941621178884,0.03618638099271586,7.384253657904525,1.0906830993917538e-12,380614,358.0,exploratory
(a) P2 split,leniency_proc,pilot_P2b,0.5815401682152451,0.04163505671996721,13.967560369296962,0.0,380614,358.0,exploratory
(a) P2 split,speedy,pilot_P1_mig,0.02402412689758327,0.025699127458583052,0.9348226680575351,0.3505115722250336,380614,358.0,exploratory
(a) P2 split,speedy,pilot_P2a_mig,0.02397696660377561,0.045193018148930314,0.5305458140627222,0.5960634133782019,380614,358.0,exploratory
(a) P2 split,speedy,pilot_P2b_mig,0.011520239555368924,0.04421989437510129,0.26052164344055007,0.7946116246091448,380614,358.0,exploratory
(a) P2 split,speedy,pilot_P1,0.07392842911490151,0.03358067824981822,2.201516853379866,0.02833873006413845,380614,358.0,exploratory
(a) P2 split,speedy,pilot_P2a,0.13545958662452853,0.05369368770996119,2.5228214414373,0.012075550808375857,380614,358.0,exploratory
(a) P2 split,speedy,pilot_P2b,0.2184221557350343,0.05365483821684985,4.0708753020979325,5.7711513138380965e-05,380614,358.0,exploratory
(a) P2 split,plea_formal,pilot_P1_mig,0.021102122474672504,0.006191814011499155,3.40806788373853,0.0007289161195407345,380614,358.0,exploratory
(a) P2 split,plea_formal,pilot_P2a_mig,-0.01611449359734064,0.016697920704908623,-0.9650598947091373,0.335168078940705,380614,358.0,exploratory
(a) P2 split,plea_formal,pilot_P2b_mig,-0.11605576705134825,0.05404519048648918,-2.1473838098574407,0.03243560197154638,380614,358.0,exploratory
(a) P2 split,plea_formal,pilot_P1,-0.0028597337844438373,0.010967584740264233,-0.2607441704047358,0.7944401388900739,380614,358.0,exploratory
(a) P2 split,plea_formal,pilot_P2a,0.17797024223441285,0.020820996901186616,8.547633097446457,4.440892098500626e-16,380614,358.0,exploratory
(a) P2 split,plea_formal,pilot_P2b,0.49827671379719135,0.06555004026571529,7.601470750854833,2.609024107869118e-13,380614,358.0,exploratory
(b) by local residence,probation,pilot_P1_mig_res,0.012225534390909232,0.03165227918170423,0.38624499426176806,0.6995479297144223,226125,354.0,exploratory
(b) by local residence,probation,pilot_P1_mig_nores,-0.02147077631587859,0.01550946220995422,-1.3843662678450774,0.16712082342143852,226125,354.0,exploratory
(b) by local residence,probation,pilot_P2_mig_res,-0.014314255641746619,0.033896462264197284,-0.42229349866006144,0.6730678924671625,226125,354.0,exploratory
(b) by local residence,probation,pilot_P2_mig_nores,-0.04022046347697512,0.01939127020424992,-2.074153113918248,0.03878955426897601,226125,354.0,exploratory
(b) by local residence,probation,P2: res = nores (Wald p),,,,0.44193145050475513,226125,,exploratory
(b) by local residence,bail_at_judgment,pilot_P1_mig_res,0.00680093926991678,0.043551113729961136,0.156159939148423,0.8759962192425765,221452,354.0,exploratory
(b) by local residence,bail_at_judgment,pilot_P1_mig_nores,-0.013426894737550672,0.022423896389557142,-0.5987761673659715,0.5497061963273837,221452,354.0,exploratory
(b) by local residence,bail_at_judgment,pilot_P2_mig_res,0.00351083191888891,0.042269561439806744,0.08305815814740475,0.9338523740520903,221452,354.0,exploratory
(b) by local residence,bail_at_judgment,pilot_P2_mig_nores,-0.015219685008140672,0.029515075341248188,-0.5156580097517391,0.606416087066687,221452,354.0,exploratory
(b) by local residence,bail_at_judgment,P2: res = nores (Wald p),,,,0.6700533764540525,221452,,exploratory
(b) by local residence,log_term,pilot_P1_mig_res,0.03381858911862414,0.06383590525242372,0.5297737845949967,0.5966018176885897,210924,354.0,exploratory
(b) by local residence,log_term,pilot_P1_mig_nores,0.07055288199902326,0.0266547597625958,2.6469149460513615,0.008486912923385548,210924,354.0,exploratory
(b) by local residence,log_term,pilot_P2_mig_res,0.00511586688504536,0.05841946682285863,0.08757126970292034,0.9302670930445769,210924,354.0,exploratory
(b) by local residence,log_term,pilot_P2_mig_nores,0.06091345897503212,0.029541964340536783,2.0619298795729746,0.03994592938526176,210924,354.0,exploratory
(b) by local residence,log_term,P2: res = nores (Wald p),,,,0.3882808614210743,210924,,exploratory
(b) by local residence,leniency_proc,pilot_P1_mig_res,0.11923117778628375,0.028537566108385846,4.178042981431669,3.710248923427528e-05,226125,354.0,exploratory
(b) by local residence,leniency_proc,pilot_P1_mig_nores,0.029834254856246006,0.020072635865954615,1.4863147548473274,0.13808845680371307,226125,354.0,exploratory
(b) by local residence,leniency_proc,pilot_P2_mig_res,0.022516365873852102,0.03676440501474712,0.6124501638152507,0.5406342775847799,226125,354.0,exploratory
(b) by local residence,leniency_proc,pilot_P2_mig_nores,-0.05099011713643481,0.032823945508195944,-1.5534426573948241,0.12121348004660715,226125,354.0,exploratory
(b) by local residence,leniency_proc,P2: res = nores (Wald p),,,,0.04675785680583727,226125,,exploratory
