check,outcome,param,coef,se,t,p,N,n_clusters,note
0 main (hybrid),probation,pilot_P1_mig,-0.005278058767782485,0.008182709468120863,-0.6450258057365168,0.5193247544393507,380614,358.0,
0 main (hybrid),probation,pilot_P2_mig,-0.010608791686029895,0.011544357624105474,-0.9189590301566848,0.3587374698290233,380614,358.0,
0 main (hybrid),bail_at_judgment,pilot_P1_mig,0.003628379716553124,0.008723000235240162,0.4159554761783435,0.6776925130673717,362333,358.0,
0 main (hybrid),bail_at_judgment,pilot_P2_mig,0.004427518702870662,0.014398359761539366,0.3075016026962577,0.7586409117566812,362333,358.0,
0 main (hybrid),log_term,pilot_P1_mig,0.026658779354676556,0.018015633670736313,1.4797580724556878,0.1398221809687783,358433,357.0,
0 main (hybrid),log_term,pilot_P2_mig,0.013719884761908756,0.018776068307093496,0.7307112723234745,0.46543614829008906,358433,357.0,
0 main (hybrid),leniency_proc,pilot_P1_mig,0.04957357590435354,0.02631131612720389,1.8841161599323513,0.060361624477722975,380614,358.0,
0 main (hybrid),leniency_proc,pilot_P2_mig,-0.026216384823548405,0.0234808530828264,-1.1165005262403664,0.26495883898167794,380614,358.0,
5.2 controls = capitals/sub-provincial,probation,pilot_P1_mig,-0.0038944353389263574,0.010106444876432301,-0.3853417682025829,0.7023162741306317,132835,36.0,
5.2 controls = capitals/sub-provincial,probation,pilot_P2_mig,-0.0018313955474483327,0.013837185811033994,-0.13235318022454745,0.8954629247101291,132835,36.0,
5.2 controls = capitals/sub-provincial,bail_at_judgment,pilot_P1_mig,0.00042751252460957736,0.01594048456092218,0.026819292912689544,0.9787562023589269,118362,36.0,
5.2 controls = capitals/sub-provincial,bail_at_judgment,pilot_P2_mig,-0.0001850822240627695,0.021856411816568912,-0.008468097399339004,0.9932916009994754,118362,36.0,
5.2 controls = capitals/sub-provincial,log_term,pilot_P1_mig,0.02989681666692408,0.029826920462805898,1.0023433932512524,0.3230575969098062,126388,36.0,
5.2 controls = capitals/sub-provincial,log_term,pilot_P2_mig,0.0091246496748874,0.03385003117916503,0.26956104195566283,0.7890809005806798,126388,36.0,
5.2 controls = capitals/sub-provincial,leniency_proc,pilot_P1_mig,0.05336227871058737,0.021434794366418288,2.4895167081327174,0.017692159544423713,132835,36.0,
5.2 controls = capitals/sub-provincial,leniency_proc,pilot_P2_mig,-0.007453095947454166,0.023463545572556234,-0.31764576774669395,0.7526410389493734,132835,36.0,
5.3 migrant = migrant_city,probation,pilot_P1_mig,-0.007005489202224401,0.00812711054698365,-0.8619901454182218,0.38926995393808106,447139,359.0,
5.3 migrant = migrant_city,probation,pilot_P2_mig,-0.013193427827863854,0.011598421768596061,-1.137519232451646,0.2560820326371105,447139,359.0,
5.3 migrant = migrant_city,bail_at_judgment,pilot_P1_mig,-0.0022117808460036734,0.007910801570359022,-0.2795899791357419,0.7799535580416257,425570,359.0,
5.3 migrant = migrant_city,bail_at_judgment,pilot_P2_mig,0.0013013891172721044,0.013415718965513931,0.09700479867068015,0.922776866322442,425570,359.0,
5.3 migrant = migrant_city,log_term,pilot_P1_mig,0.03266230238465319,0.016337379192875968,1.999237576544457,0.04634022664906312,420162,358.0,
5.3 migrant = migrant_city,log_term,pilot_P2_mig,0.014698602812248992,0.01944724610326473,0.7558192421795621,0.4502559868708387,420162,358.0,
5.3 migrant = migrant_city,leniency_proc,pilot_P1_mig,0.04575872994494336,0.027138641027768272,1.6861098497202938,0.09264589077676222,447139,359.0,
5.3 migrant = migrant_city,leniency_proc,pilot_P2_mig,-0.024531302972935286,0.022339685347141505,-1.098104229837517,0.2728969679341706,447139,359.0,
5.3 migrant = migrant_prov,probation,pilot_P1_mig,-0.01315695093810847,0.008157388989970421,-1.6128875249525372,0.10765253428713994,452202,358.0,
5.3 migrant = migrant_prov,probation,pilot_P2_mig,-0.019251841402896954,0.010683655086263856,-1.801990166048074,0.07239040913524941,452202,358.0,
5.3 migrant = migrant_prov,bail_at_judgment,pilot_P1_mig,-0.0038935738217632378,0.00863597036950678,-0.450855393797004,0.6523674851173955,430473,358.0,
5.3 migrant = migrant_prov,bail_at_judgment,pilot_P2_mig,-0.008393388858033615,0.012075129803456647,-0.6950971951979273,0.48744655930046354,430473,358.0,
5.3 migrant = migrant_prov,log_term,pilot_P1_mig,0.023422195911088933,0.01841142434345135,1.272155563533021,0.20414586003493063,424905,358.0,
5.3 migrant = migrant_prov,log_term,pilot_P2_mig,0.0009226759188347306,0.01992982584605131,0.04629623590100463,0.9631000256589985,424905,358.0,
5.3 migrant = migrant_prov,leniency_proc,pilot_P1_mig,0.017195464530100336,0.024877220105788772,0.6912132648655168,0.4898807458023531,452202,358.0,
5.3 migrant = migrant_prov,leniency_proc,pilot_P2_mig,-0.03602848793149004,0.022200924380557204,-1.6228372888402132,0.1055068761511424,452202,358.0,
5.4 high-coverage courts (n=1399),probation,pilot_P1_mig,-0.00015340701574320296,0.012793934121789873,-0.011990605413695947,0.9904414994275479,186581,286.0,
5.4 high-coverage courts (n=1399),probation,pilot_P2_mig,-0.007831455958729307,0.01816973352258339,-0.4310165555810432,0.6667821453569829,186581,286.0,
5.4 high-coverage courts (n=1399),bail_at_judgment,pilot_P1_mig,0.0006764909145909566,0.01211088262002942,0.05585810182588602,0.9554939871649766,183448,286.0,
5.4 high-coverage courts (n=1399),bail_at_judgment,pilot_P2_mig,-0.0010382946072180846,0.020632591163909874,-0.05032303499689604,0.9599002177292943,183448,286.0,
5.4 high-coverage courts (n=1399),log_term,pilot_P1_mig,0.04012298341284686,0.02139533801719796,1.87531430354572,0.06177184318301343,175896,286.0,
5.4 high-coverage courts (n=1399),log_term,pilot_P2_mig,0.03224087203304841,0.02707595418886402,1.1907566325514263,0.2347399546538711,175896,286.0,
5.4 high-coverage courts (n=1399),leniency_proc,pilot_P1_mig,0.049685184186030365,0.01608527339879211,3.0888616534028803,0.002207541156731496,186581,286.0,
5.4 high-coverage courts (n=1399),leniency_proc,pilot_P2_mig,-0.009996099361787822,0.038875416799504514,-0.25713163188298543,0.7972626995128294,186581,286.0,
5.5 IPW (defined),probation,pilot_P1_mig,-0.019165054220925914,0.01454525542128596,-1.3176155155638727,0.18847732897643454,380614,358.0,
5.5 IPW (defined),probation,pilot_P2_mig,-0.020136072984811935,0.012805736514394017,-1.5724259953481323,0.11673759348021084,380614,358.0,
5.5 IPW (defined),bail_at_judgment,pilot_P1_mig,-0.021147131942792736,0.015497355943068324,-1.3645638662801347,0.17324965598514042,362333,358.0,
5.5 IPW (defined),bail_at_judgment,pilot_P2_mig,-0.015059076005354156,0.017087471303434566,-0.8812934188996879,0.3787519669499233,362333,358.0,
5.5 IPW (defined),log_term,pilot_P1_mig,-0.00477953149682934,0.03785063602050071,-0.12627347910985284,0.8995867333279399,358433,357.0,
5.5 IPW (defined),log_term,pilot_P2_mig,-0.015099676657203803,0.04386888502750731,-0.3442001465899072,0.7308989949715698,358433,357.0,
5.5 IPW (defined),leniency_proc,pilot_P1_mig,0.01592135141818297,0.028869276432231344,0.5514981109955165,0.5816372779091123,380614,358.0,
5.5 IPW (defined),leniency_proc,pilot_P2_mig,-0.046518928569227735,0.025380624554119133,-1.8328520037020908,0.06765722496713278,380614,358.0,
5.6 double-selection lasso,probation,pilot_P1_mig,-0.006509505054061833,0.007899138471281441,-0.8240778507337428,0.41044553597370115,380614,358.0,163 controls
5.6 double-selection lasso,probation,pilot_P2_mig,-0.011594459852723265,0.011950356832809506,-0.9702187152178475,0.33259434802205035,380614,358.0,163 controls
5.6 DML partially linear (Lasso),probation,pilot_P1_mig,-0.0009215562542745891,0.005685881846683815,-0.162077981766728,0.8712444449333423,380615,358.0,
5.6 DML partially linear (Lasso),probation,pilot_P2_mig,-0.011963944375306328,0.01377035017748752,-0.868819181872775,0.38494603958929874,380615,358.0,
5.6 double-selection lasso,bail_at_judgment,pilot_P1_mig,-0.001120303946587439,0.008533043380899894,-0.13129007982018392,0.8956197941889381,362333,358.0,160 controls
5.6 double-selection lasso,bail_at_judgment,pilot_P2_mig,0.0005081007767985715,0.014623403293564655,0.03474572687345443,0.9723019169483016,362333,358.0,160 controls
5.6 DML partially linear (Lasso),bail_at_judgment,pilot_P1_mig,0.009062644312944953,0.007669343068458025,1.181671524151424,0.23733606140906116,362334,358.0,
5.6 DML partially linear (Lasso),bail_at_judgment,pilot_P2_mig,0.002105261527102735,0.017300712381145018,0.12168640693646407,0.9031473789224507,362334,358.0,
5.6 double-selection lasso,log_term,pilot_P1_mig,0.03097665238616885,0.017487858893462317,1.7713233263649675,0.07736244360331512,358433,357.0,172 controls
5.6 double-selection lasso,log_term,pilot_P2_mig,0.017167205284871475,0.018327886062946507,0.9366713229180543,0.3495626275209709,358433,357.0,172 controls
5.6 DML partially linear (Lasso),log_term,pilot_P1_mig,0.031557608124117724,0.014897671475372024,2.1182913166186372,0.034150403582037206,358435,358.0,
5.6 DML partially linear (Lasso),log_term,pilot_P2_mig,0.019864729874202885,0.017659183927452058,1.1248951228896935,0.26063347891612487,358435,358.0,
5.6 double-selection lasso,leniency_proc,pilot_P1_mig,0.0494363831387229,0.026690873920689303,1.8521830077808927,0.06482487150286276,380614,358.0,168 controls
5.6 double-selection lasso,leniency_proc,pilot_P2_mig,-0.019233561573134703,0.02311802928219239,-0.8319723683346202,0.40598069880586873,380614,358.0,168 controls
5.6 DML partially linear (Lasso),leniency_proc,pilot_P1_mig,0.1035085296406582,0.05590399277354271,1.8515409097871263,0.0640917749934435,380615,358.0,
5.6 DML partially linear (Lasso),leniency_proc,pilot_P2_mig,-0.0381638894428876,0.030727872058683055,-1.2419958456610172,0.21423809482785372,380615,358.0,
"5.7 placebo: robbery (rules), n=24310",probation,pilot_P1_mig,0.007271826629885128,0.01958482124824185,0.3712991064719535,0.7106508821091961,24274,334.0,
"5.7 placebo: robbery (rules), n=24310",probation,pilot_P2_mig,-0.0018565133207044857,0.023707337317463165,-0.07830965138952789,0.9376287741664175,24274,334.0,
"5.7 placebo: robbery (rules), n=24310",bail_at_judgment,pilot_P1_mig,-0.0018940869686253888,0.011682801987344362,-0.16212608676216525,0.8713057863919906,23380,331.0,
"5.7 placebo: robbery (rules), n=24310",bail_at_judgment,pilot_P2_mig,-0.01558731665780731,0.012804423832150882,-1.2173383872743113,0.2243452888252715,23380,331.0,
"5.7 placebo: robbery (rules), n=24310",log_term,pilot_P1_mig,-0.030351684299589374,0.06214493109264958,-0.48840160840051733,0.6255878284237582,23788,333.0,
"5.7 placebo: robbery (rules), n=24310",log_term,pilot_P2_mig,-0.028338019948354196,0.05735601046909742,-0.4940723686425559,0.6215817954948266,23788,333.0,
"5.7 placebo: robbery (rules), n=24310",leniency_proc,pilot_P1_mig,0.04764436659465287,0.01566502852538713,3.0414478031392815,0.0025413337509712086,24274,334.0,
"5.7 placebo: robbery (rules), n=24310",leniency_proc,pilot_P2_mig,-0.0021000825903381187,0.04124003645215428,-0.050923393163693854,0.9594170963333062,24274,334.0,
5.7 placebo: reform dates one year earlier,probation,pilot_P1_mig,-0.058737735356013586,0.028576750486630054,-2.0554378771475323,0.04056370589449565,380614,358.0,
5.7 placebo: reform dates one year earlier,probation,pilot_P2_mig,-0.06865481591815965,0.026278850206928245,-2.6125502210922176,0.00936665954846827,380614,358.0,
5.7 placebo: reform dates one year earlier,bail_at_judgment,pilot_P1_mig,-0.021825652012992795,0.04152779535442162,-0.5255673176656833,0.5995151508144274,362333,358.0,
5.7 placebo: reform dates one year earlier,bail_at_judgment,pilot_P2_mig,-0.019131219451141507,0.03803769463019728,-0.5029542309841685,0.6153065924479648,362333,358.0,
5.7 placebo: reform dates one year earlier,log_term,pilot_P1_mig,-0.08329336884808075,0.06921661277888506,-1.20337250703331,0.22963181477887495,358433,357.0,
5.7 placebo: reform dates one year earlier,log_term,pilot_P2_mig,-0.06791398545870511,0.06896850455188881,-0.9847101354446459,0.32543523027512067,358433,357.0,
5.7 placebo: reform dates one year earlier,leniency_proc,pilot_P1_mig,0.005651593329466424,0.023105450944414654,0.24460000123185646,0.8069066878954896,380614,358.0,
5.7 placebo: reform dates one year earlier,leniency_proc,pilot_P2_mig,0.03349905038064199,0.04258398995662872,0.7866583289813934,0.4320037823741085,380614,358.0,
"5.8 Callaway-Sant'Anna (gap, dynamic overall)",probation,ATT_overall (≈ P2 cohort),-0.013020125275049362,0.024067587218485665,-0.5409817426588136,0.5885201668900124,380615,,
"5.8 Callaway-Sant'Anna (gap, dynamic overall)",bail_at_judgment,ATT_overall (≈ P2 cohort),-0.01747702287737537,0.034531930629209874,-0.5061119537461338,0.6127780593781189,380615,,
"5.8 Callaway-Sant'Anna (gap, dynamic overall)",log_term,ATT_overall (≈ P2 cohort),-0.2271767570306935,0.1653796554105945,-1.3736681000251993,0.16954474458087532,380615,,
"5.8 Callaway-Sant'Anna (gap, dynamic overall)",leniency_proc,ATT_overall (≈ P2 cohort),0.029144827473610548,0.07554901572020913,0.38577375490299604,0.6996642341201862,380615,,
5.9 rule variables,probation,pilot_P1_mig,-0.004451521022808871,0.008193376092152174,-0.5433072975952675,0.5872573140985566,375986,358.0,
5.9 rule variables,probation,pilot_P2_mig,-0.009437902071831091,0.011640576283592278,-0.8107761885581285,0.41803437633300655,375986,358.0,
5.9 rule variables,bail_at_judgment,pilot_P1_mig,0.00463725872468414,0.008793124759553548,0.5273732434702298,0.5982619989245159,358087,358.0,
5.9 rule variables,bail_at_judgment,pilot_P2_mig,0.005809205653928253,0.014606664872331044,0.3977092446977717,0.6910822228394866,358087,358.0,
5.9 rule variables,log_term,pilot_P1_mig,0.025280394426883922,0.017790980163758498,1.420966927858303,0.15620168137480395,354024,357.0,
5.9 rule variables,log_term,pilot_P2_mig,0.014273279359859592,0.018759652074037188,0.7608498976168857,0.4472503781954227,354024,357.0,
5.9 rule variables,leniency_proc,pilot_P1_mig,0.0492902374884494,0.026330027581386094,1.8720161737808028,0.06202176285880889,375986,358.0,
5.9 rule variables,leniency_proc,pilot_P2_mig,-0.026188084080429146,0.02361444591583143,-1.1089857527790783,0.2681828335824046,375986,358.0,
extra: complete cases,probation,pilot_P1_mig,-0.0029337427024616796,0.009200065117162412,-0.31888281931710255,0.7500018626564713,296450,358.0,
extra: complete cases,probation,pilot_P2_mig,-0.006878591146183085,0.011929765330215362,-0.5765906500072713,0.5645793771809944,296450,358.0,
extra: complete cases,bail_at_judgment,pilot_P1_mig,0.01213948279257264,0.009950271540655144,1.2200152270189557,0.223264418835583,282347,358.0,
extra: complete cases,bail_at_judgment,pilot_P2_mig,0.013952716681266209,0.014663423020051667,0.9515320305624686,0.34197812450117837,282347,358.0,
extra: complete cases,log_term,pilot_P1_mig,0.036780612194330306,0.018798433112903874,1.9565786134102243,0.051178448841280755,279593,357.0,
extra: complete cases,log_term,pilot_P2_mig,0.012613620021482426,0.01971867858983826,0.6396787677234455,0.5227928858952351,279593,357.0,
extra: complete cases,leniency_proc,pilot_P1_mig,0.05725032299682977,0.02638036200336109,2.170187163827986,0.030651509234734364,296450,358.0,
extra: complete cases,leniency_proc,pilot_P2_mig,-0.030164006418899245,0.022920212458416755,-1.3160439273250466,0.18900369999243427,296450,358.0,
extra: exclude dup_pseudonym,probation,pilot_P1_mig,-0.005146228340534778,0.008028710914201001,-0.6409781589510524,0.5219492764326987,364206,357.0,
extra: exclude dup_pseudonym,probation,pilot_P2_mig,-0.00926244538545868,0.01139303401641389,-0.812991988974519,0.4167660133089717,364206,357.0,
extra: exclude dup_pseudonym,bail_at_judgment,pilot_P1_mig,0.0034185521636924637,0.00894257851712267,0.3822781267334518,0.7024831852458435,346980,357.0,
extra: exclude dup_pseudonym,bail_at_judgment,pilot_P2_mig,0.005308939372111841,0.014880118997646354,0.3567807067236207,0.7214673576848591,346980,357.0,
extra: exclude dup_pseudonym,log_term,pilot_P1_mig,0.03202354806545088,0.018022351574928288,1.7768795560508481,0.07644188462334567,342652,357.0,
extra: exclude dup_pseudonym,log_term,pilot_P2_mig,0.016786358594139843,0.019356696441707733,0.8672119565800701,0.3864100332774967,342652,357.0,
extra: exclude dup_pseudonym,leniency_proc,pilot_P1_mig,0.05050950911822723,0.026884336626935824,1.878770892476513,0.06109267609510938,364206,357.0,
extra: exclude dup_pseudonym,leniency_proc,pilot_P2_mig,-0.02509756075916737,0.024106064720585692,-1.0411305640333313,0.2985214896817179,364206,357.0,
extra: base period without 2013,probation,pilot_P1_mig,-0.005079161405179984,0.009965279893017171,-0.5096857749814967,0.6105865461348323,375469,358.0,
extra: base period without 2013,probation,pilot_P2_mig,-0.010419105607002987,0.013588978561900458,-0.7667320659563868,0.44374755528962506,375469,358.0,
extra: base period without 2013,bail_at_judgment,pilot_P1_mig,0.0028892858340706165,0.009828021497791769,0.29398448453941645,0.768940605947046,357339,358.0,
extra: base period without 2013,bail_at_judgment,pilot_P2_mig,0.003855076630793162,0.016757032712900133,0.23005723607768533,0.8181790575578791,357339,358.0,
extra: base period without 2013,log_term,pilot_P1_mig,0.03942922836865098,0.015623763137054358,2.5236703873945703,0.012048178612818372,353637,357.0,
extra: base period without 2013,log_term,pilot_P2_mig,0.02728186537945806,0.01787234983541174,1.526484521101002,0.1277771648391004,353637,357.0,
extra: base period without 2013,leniency_proc,pilot_P1_mig,0.0485156222528439,0.0258791667358102,1.8746980050833937,0.061650574939689395,375469,358.0,
extra: base period without 2013,leniency_proc,pilot_P2_mig,-0.02699560024021675,0.024047429507644245,-1.1225981650818577,0.26236260945311907,375469,358.0,
